Ind_ID,GENDER,Car_Owner,Propert_Owner,CHILDREN,Annual_income,Type_Income,EDUCATION,Marital_status,Housing_type,Birthday_count,Employed_days,Mobile_phone,Work_Phone,Phone,EMAIL_ID,Family_Members,label
5008827,0,1,1,0,180000,1,1,1,1,-18772,3682.375,1,0,0,0,2,1
5009744,1,1,0,0,315000,0,1,1,1,-13557,-586.0,1,1,1,0,2,1
5009746,1,1,0,0,315000,0,1,1,1,-16040,-586.0,1,1,1,0,2,1
5009749,1,1,0,0,166500,0,1,1,1,-13557,-586.0,1,1,1,0,2,1
5009752,1,1,0,0,315000,0,1,1,1,-13557,-586.0,1,1,1,0,2,1
5009753,1,1,0,0,315000,1,1,1,1,-13557,-586.0,1,1,1,0,2,1
5009754,1,1,0,0,315000,0,1,1,1,-13557,-586.0,1,1,1,0,2,1
5009894,1,0,0,0,180000,1,4,1,1,-22134,3682.375,1,0,0,0,2,1
5010864,0,1,1,1,450000,0,4,1,1,-18173,-678.0,1,0,1,1,3,1
5010868,0,1,1,1,450000,1,4,1,1,-18173,-678.0,1,0,1,1,3,1
5010869,0,1,1,1,450000,0,4,3,1,-18173,-678.0,1,0,1,1,1,1
5018498,1,1,1,0,90000,3,4,1,1,-18950,-1002.0,1,1,1,0,2,1
5018501,1,1,1,0,166500,3,4,1,1,-18950,-1002.0,1,1,1,0,2,1
5018503,1,1,1,0,90000,3,4,1,1,-18950,-1002.0,1,1,1,0,2,1
5021303,0,0,0,1,472500,1,1,1,5,-8907,-913.0,1,0,0,1,3,1
5021310,0,0,1,0,270000,3,4,1,1,-16896,-248.0,1,0,0,0,2,1
5021314,0,0,1,0,270000,3,4,3,1,-16896,-248.0,1,0,0,0,2,1
5021430,1,0,1,0,126000,0,1,3,1,-18907,-2470.0,1,0,0,0,1,1
5021431,1,0,1,0,126000,0,1,3,1,-18907,-2470.0,1,0,0,0,1,1
5021998,0,0,1,0,90000,1,4,1,1,-18863,-1644.0,1,0,0,1,2,1
5022053,0,0,0,0,202500,3,1,3,1,-12811,-4327.0,1,0,0,0,1,1
5022617,0,1,1,0,202500,0,4,0,1,-12022,-1674.0,1,0,0,1,2,1
5023781,0,0,1,0,157500,0,1,0,1,-17800,-1086.0,1,0,0,0,2,1
5023831,1,0,1,2,112500,0,4,1,1,-12135,-925.0,1,0,0,0,4,1
5024071,1,0,1,0,180000,3,1,1,1,-15976,-854.0,1,0,0,0,2,1
5024213,1,1,1,0,540000,0,1,1,1,-15702,-185.0,1,0,1,0,2,1
5024916,1,0,1,0,112500,1,4,1,1,-21832,3682.375,1,0,1,0,2,1
5024917,1,0,1,0,166500,1,4,1,1,-21832,3682.375,1,0,1,0,2,1
5025127,1,0,1,0,292500,3,4,1,1,-11111,-3350.0,1,0,0,0,2,1
5028580,0,0,0,0,540000,0,1,1,1,-19996,-691.0,1,0,0,0,2,1
5029028,1,0,1,0,90000,3,3,3,4,-12026,-4770.0,1,0,0,0,2,1
5029311,1,0,1,0,112500,1,4,1,1,-21876,3682.375,1,0,1,1,2,1
5033453,1,0,0,0,135000,3,1,3,1,-10749,-2394.0,1,0,0,0,1,1
5033514,1,1,0,1,135000,3,4,1,1,-15952,-384.0,1,1,0,0,3,1
5033916,0,0,1,0,180000,3,4,1,1,-13015,-3647.0,1,0,0,0,2,1
5036469,0,1,0,0,112500,2,4,3,1,-20333,-1546.0,1,0,0,0,2,1
5036590,0,1,1,0,292500,3,1,1,1,-21055,-808.0,1,0,0,0,2,1
5036660,1,1,1,0,76500,1,4,1,1,-23835,3682.375,1,0,0,0,2,1
5036795,0,1,1,0,215100,0,4,1,1,-19175,-1285.0,1,0,1,0,2,1
5041522,0,1,1,0,450000,0,1,2,1,-16169,-855.0,1,1,1,0,1,1
5042064,1,1,0,2,270000,2,1,1,1,-16053,-7288.625,1,1,1,0,4,1
5045888,1,0,1,0,225000,1,4,3,1,-23286,3682.375,1,0,0,0,1,1
5045894,1,0,1,0,225000,1,4,3,1,-23286,3682.375,1,0,0,0,1,1
5045895,1,0,1,0,225000,1,4,3,1,-23286,3682.375,1,0,0,0,1,1
5046324,1,0,1,1,157500,0,4,3,1,-15466,-2269.0,1,0,1,0,3,1
5046328,1,0,1,1,157500,1,4,3,1,-15466,-2269.0,1,0,1,0,3,1
5047662,1,0,1,1,67500,0,4,1,1,-18880,-4114.0,1,0,0,0,3,1
5048300,0,1,0,1,180000,0,4,1,1,-11091,-1161.0,1,0,0,0,3,1
5048301,0,1,0,1,180000,0,4,1,1,-11091,-1161.0,1,0,0,0,3,1
5050603,0,0,0,0,157500,3,4,1,1,-18327,-7288.0,1,1,0,0,2,1
5050606,0,0,0,0,157500,3,4,1,1,-18327,-7288.0,1,1,0,0,2,1
5050671,0,0,0,0,171000,0,2,3,1,-11610,-166.0,1,1,1,0,1,1
5051160,0,1,0,1,135000,3,4,1,1,-9594,-866.0,1,0,0,0,3,1
5051161,0,1,0,1,135000,3,4,1,1,-9594,-866.0,1,0,0,0,3,1
5052659,1,0,1,0,103500,3,4,1,1,-10396,-564.0,1,0,0,1,2,1
5052661,1,0,1,0,103500,3,4,1,1,-10396,-564.0,1,0,0,1,2,1
5052877,0,1,1,0,225000,3,4,1,1,-17915,-3366.0,1,0,0,0,2,1
5052879,0,1,1,0,225000,3,4,1,1,-17915,-3366.0,1,0,0,0,2,1
5052882,0,1,1,0,225000,3,4,1,1,-17915,-3366.0,1,0,0,0,2,1
5053254,1,1,1,0,180000,0,4,1,1,-18667,-2150.0,1,1,0,0,2,1
5054063,0,0,0,1,157500,3,4,1,1,-16424,-1458.0,1,0,0,0,3,1
5054068,0,0,0,1,157500,3,4,1,1,-16424,-1458.0,1,0,0,0,1,1
5054524,1,0,0,2,180000,3,4,1,1,-16611,-7288.625,1,0,0,0,4,1
5054525,1,0,0,2,180000,3,4,3,1,-16611,-7288.625,1,0,0,0,4,1
5058345,1,0,1,0,99000,1,1,2,1,-24611,3682.375,1,0,0,0,1,1
5058348,1,0,1,0,166500,1,1,2,1,-24611,3682.375,1,0,0,0,1,1
5058350,0,0,1,0,99000,1,1,2,1,-24611,3682.375,1,0,0,0,1,1
5058352,1,0,1,0,99000,1,1,2,1,-24611,3682.375,1,0,0,0,1,1
5058530,0,0,0,0,391500,3,4,3,2,-9242,-508.0,1,0,0,0,1,1
5058531,0,0,0,0,391500,3,4,3,2,-9242,-508.0,1,0,0,0,1,1
5058532,0,0,0,0,391500,3,4,3,2,-16040,-508.0,1,0,0,0,1,1
5061360,0,0,1,0,65250,1,1,1,1,-20872,3682.375,1,0,0,0,2,1
5061396,0,0,1,0,72900,1,3,1,1,-23423,3682.375,1,0,0,0,2,1
5061636,1,0,1,0,225000,1,4,1,2,-21664,3682.375,1,0,1,0,2,1
5061691,1,0,1,1,67500,0,1,1,1,-9122,-1567.0,1,0,0,1,3,1
5062136,0,0,0,1,180000,3,4,3,1,-12947,-137.0,1,0,0,0,2,1
5062137,0,0,1,1,166500,3,4,3,1,-12947,-137.0,1,0,0,0,2,1
5065348,1,1,1,0,202500,3,1,1,1,-15160,-3974.0,1,0,0,0,2,1
5065462,1,0,0,0,157500,0,4,1,1,-19004,-1570.0,1,0,0,0,2,1
5065518,1,1,0,1,202500,3,1,1,4,-9510,-2878.0,1,0,0,0,3,1
5068389,1,1,1,1,270000,3,1,2,1,-14052,-140.0,1,0,1,0,2,1
5068456,1,1,0,0,135000,0,4,1,1,-13581,-2576.0,1,0,0,0,2,1
5068651,1,1,1,0,360000,2,1,2,1,-19305,-1905.0,1,0,0,0,1,1
5069216,1,1,1,0,256500,0,1,1,1,-11210,-1724.0,1,1,0,0,2,1
5069218,1,1,1,0,256500,0,1,3,1,-11210,-1724.0,1,1,0,0,2,1
5069307,0,0,1,0,157500,3,4,1,1,-15640,-1328.0,1,0,0,0,2,1
5078820,1,0,0,2,225000,0,4,1,1,-14476,-4987.0,1,0,0,0,4,1
5078945,1,0,1,2,180000,3,2,2,1,-12253,-3496.0,1,1,0,0,3,1
5078946,1,0,1,2,180000,3,2,2,1,-12253,-3496.0,1,1,0,0,3,1
5079166,0,1,0,0,202500,3,4,1,5,-13720,-1394.0,1,0,0,0,2,1
5079167,0,1,0,0,202500,3,4,1,5,-13720,-1394.0,1,0,0,0,2,1
5079168,0,1,0,0,202500,3,4,1,5,-13720,-1394.0,1,0,0,0,2,1
5085886,0,1,1,0,315000,0,1,1,1,-18661,-1265.0,1,0,0,0,2,1
5089162,1,1,0,0,225000,3,1,1,1,-20264,-2531.0,1,1,1,0,2,1
5089959,0,0,1,1,126000,0,4,0,1,-12755,-2105.0,1,0,0,0,3,1
5090166,1,0,1,1,675000,0,4,3,1,-15452,-860.0,1,0,0,0,2,1
5090214,0,1,1,0,135000,3,4,1,1,-10712,-217.0,1,0,0,0,2,1
5090216,0,1,1,0,135000,3,4,1,1,-10712,-217.0,1,0,0,0,2,1
5092087,0,1,1,2,247500,3,4,1,1,-17320,-535.0,1,0,0,0,4,1
5092245,1,0,0,0,103500,1,4,1,1,-22111,3682.375,1,0,0,0,2,1
5092479,0,0,0,1,85500,2,4,1,2,-15014,-6866.0,1,0,0,0,3,1
5096527,1,0,0,0,135000,3,4,4,0,-20012,-584.0,1,0,0,0,1,1
5096528,1,0,0,0,135000,3,4,4,0,-20012,-584.0,1,0,0,0,1,1
5096743,1,0,1,0,180000,3,3,4,1,-16803,-2227.0,1,1,1,0,1,1
5097065,1,0,1,0,121500,3,4,1,1,-18971,-7288.625,1,0,0,0,2,1
5100430,0,1,0,0,180000,3,4,3,1,-16310,-613.0,1,0,0,0,1,1
5105045,0,0,1,0,225000,1,4,4,1,-22939,3682.375,1,0,0,0,1,1
5105056,0,1,0,0,166500,0,1,3,2,-11528,-606.0,1,0,1,1,1,1
5106077,1,0,1,0,135000,0,4,1,1,-19764,-6944.0,1,0,0,0,2,1
5113621,0,0,0,0,225000,3,4,4,2,-19406,-346.0,1,0,0,0,1,1
5113933,1,0,0,0,67500,1,4,4,1,-23271,3682.375,1,0,1,0,1,1
5113944,1,1,0,0,135000,1,4,1,1,-23324,3682.375,1,0,1,0,2,1
5114249,0,0,0,1,130500,3,2,1,4,-11331,-1808.0,1,1,1,0,3,1
5114253,0,0,0,1,130500,3,2,1,4,-11331,-1808.0,1,1,1,0,3,1
5115604,1,0,1,0,202500,3,4,1,1,-14523,-3420.0,1,0,0,0,2,1
5115606,1,0,1,0,202500,3,4,1,1,-14523,-3420.0,1,0,0,0,2,1
5115608,1,0,1,0,202500,3,4,1,1,-14523,-3420.0,1,0,0,0,2,1
5115610,1,0,1,0,202500,3,4,1,1,-14523,-3420.0,1,0,0,0,2,1
5115611,1,0,1,0,202500,3,4,3,1,-14523,-3420.0,1,0,0,0,2,1
5116035,0,1,1,0,126000,3,1,3,1,-14522,-863.0,1,1,0,0,1,1
5116036,0,1,1,0,126000,3,1,3,1,-14522,-863.0,1,1,0,0,1,1
5116258,1,0,1,4,180000,0,4,1,1,-17468,-7288.625,1,0,0,0,6,1
5116301,1,0,1,0,180000,1,4,1,1,-22655,3682.375,1,0,0,0,2,1
5116302,1,0,1,0,180000,1,4,1,1,-22655,3682.375,1,0,0,0,2,1
5116304,1,0,1,0,180000,1,4,1,1,-22655,3682.375,1,0,0,0,2,1
5116305,1,0,1,0,166500,1,4,1,1,-22655,3682.375,1,0,0,0,2,1
5116906,0,1,1,0,211500,1,4,1,1,-15047,-7288.625,1,0,0,0,2,1
5117313,1,0,1,1,157500,0,4,1,1,-13022,-3931.0,1,1,1,0,3,1
5117413,1,0,0,0,81000,1,4,2,1,-22279,3682.375,1,0,1,0,1,1
5118046,1,0,0,0,81000,1,4,4,1,-23902,3682.375,1,0,1,0,1,1
5118275,1,0,0,0,112500,1,4,1,2,-21363,3682.375,1,0,0,0,2,1
5118278,1,0,0,0,112500,1,4,1,2,-21363,3682.375,1,0,0,0,2,1
5118279,1,0,0,0,112500,1,4,1,2,-21363,3682.375,1,0,0,0,2,1
5118280,1,0,0,0,112500,1,4,3,2,-21363,3682.375,1,0,0,0,2,1
5118283,0,0,0,0,112500,1,4,1,2,-21363,3682.375,1,0,0,0,2,1
5118541,1,0,1,0,72000,3,4,1,1,-18132,-1039.0,1,0,1,0,2,1
5125289,1,0,0,1,202500,3,4,2,1,-13939,-134.0,1,0,0,0,2,1
5125299,1,0,1,0,148500,1,4,1,1,-20846,3682.375,1,0,0,0,2,1
5125708,1,1,1,0,135000,3,3,1,1,-16413,-622.0,1,0,1,0,2,1
5125716,1,1,1,0,135000,3,3,1,1,-16413,-622.0,1,0,1,0,2,1
5125761,0,0,1,0,270000,0,4,3,2,-18020,-1595.0,1,0,0,0,1,1
5125763,0,1,0,1,135000,0,4,3,1,-13030,-1626.0,1,0,1,0,3,1
5125934,1,0,1,2,135000,0,3,0,5,-9862,-1868.0,1,1,0,0,4,1
5126278,1,0,0,0,162000,1,4,1,1,-21244,3682.375,1,0,0,0,2,1
5135344,0,0,1,0,112500,0,1,1,1,-20103,-555.0,1,0,0,0,2,1
5135345,0,0,1,0,112500,0,1,1,1,-20103,-555.0,1,0,0,0,2,1
5135346,0,0,1,0,112500,0,1,1,1,-20103,-555.0,1,0,0,0,2,1
5135485,1,0,1,0,135000,2,1,3,2,-10660,-1935.0,1,0,0,0,1,1
5135487,1,0,1,0,135000,2,1,3,2,-10660,-1935.0,1,0,0,0,1,1
5135636,0,1,1,0,195750,3,4,1,1,-18836,-931.0,1,1,1,0,2,1
5135990,1,0,1,1,585000,0,1,3,1,-10430,-900.0,1,0,0,0,2,1
5135991,1,0,1,1,585000,0,1,3,1,-10430,-900.0,1,0,0,0,2,1
5142183,0,1,1,2,166500,0,1,1,1,-17841,-4305.0,1,1,1,0,4,1
5142184,0,1,1,2,450000,0,1,1,1,-17841,-4305.0,1,1,1,0,4,1
5142185,0,1,1,2,450000,0,1,1,1,-17841,-4305.0,1,1,1,0,4,1
5142361,0,1,1,1,112500,3,4,1,1,-16204,-925.0,1,1,1,0,3,1
5142362,0,1,1,1,112500,3,4,1,1,-16204,-925.0,1,1,1,0,3,1
5142456,1,0,0,0,67500,0,1,2,1,-18952,-499.0,1,0,1,0,1,1
5142458,1,0,1,0,67500,0,1,2,1,-18952,-499.0,1,0,1,0,1,1
5142459,1,0,1,0,67500,0,1,2,1,-18952,-499.0,1,0,1,0,1,1
5143342,0,0,0,1,216000,3,4,1,2,-12946,-2418.0,1,0,0,1,3,1
5145690,1,0,1,0,306000,1,1,1,1,-21590,3682.375,1,0,0,0,2,1
5145817,1,0,1,0,90000,1,4,1,1,-22011,3682.375,1,0,0,0,2,1
5146005,0,1,1,0,225000,3,4,3,1,-10177,-189.0,1,0,0,1,1,1
5146079,1,0,1,1,108000,3,4,1,1,-12723,-1132.0,1,1,1,0,3,1
5146167,1,0,1,0,135000,3,4,1,1,-20296,-1770.0,1,0,0,0,2,1
5146444,1,0,1,0,135000,3,4,4,1,-14394,-919.0,1,0,1,0,1,1
5148932,0,1,0,0,108000,3,4,1,3,-17209,-1081.0,1,0,0,0,2,1
5148934,0,1,0,0,108000,3,4,1,3,-17209,-1081.0,1,0,0,0,2,1
5149188,0,1,0,1,450000,3,1,1,1,-9847,-502.0,1,0,1,1,3,1
5149190,0,1,0,1,450000,3,1,1,1,-9847,-502.0,1,0,1,1,3,1
5149192,1,1,0,1,450000,3,1,1,1,-9847,-502.0,1,0,1,1,3,1
5149828,0,1,1,0,315000,3,4,1,1,-17348,-2420.0,1,0,0,0,2,1
5149834,1,0,1,0,157500,0,1,1,1,-12387,-1325.0,1,0,1,1,2,1
5149838,1,0,1,0,157500,1,1,1,1,-12387,-1325.0,1,0,1,1,2,1
5118538,1,0,1,1,81000,3,4,1,2,-15749,-6367.0,1,1,1,0,3,0
5069057,0,1,0,0,225000,0,4,1,1,-17762,-2484.0,1,0,0,0,2,0
5066689,1,0,1,0,180000,0,1,0,1,-12946,-341.0,1,0,1,1,2,0
5086062,1,0,1,0,135000,2,4,1,1,-20542,-7288.625,1,0,1,0,2,0
5113717,1,0,0,1,135000,3,4,1,1,-16415,-3054.0,1,0,0,1,3,0
5066765,1,0,1,1,63000,0,4,1,1,-14550,-2987.0,1,0,0,0,3,0
5105227,1,0,1,0,135000,3,4,1,1,-17365,-2128.0,1,0,0,0,2,0
5054648,1,0,1,0,112500,1,4,3,1,-24238,3682.375,1,0,0,0,1,0
5067187,1,0,1,0,112500,3,1,1,1,-11432,-820.0,1,1,0,0,2,0
5105818,1,0,1,0,45000,1,4,1,1,-22072,3682.375,1,0,1,0,2,0
5033574,1,1,1,1,166500,3,4,1,1,-14222,-141.0,1,1,1,0,3,0
5125478,1,0,1,0,202500,1,4,1,1,-20661,3682.375,1,0,0,0,2,0
5046340,0,0,1,1,180000,3,3,1,1,-10581,-1692.0,1,1,0,0,3,0
5054058,1,1,0,1,450000,3,1,1,1,-15045,-4686.0,1,0,1,0,3,0
5022326,0,1,1,0,256500,0,1,1,1,-21503,-1674.0,1,0,0,1,2,0
5065764,1,0,1,0,90000,3,4,3,1,-14746,-693.0,1,0,0,0,1,0
5067849,1,0,1,0,180000,0,4,3,1,-14756,-567.0,1,0,0,0,1,0
5097169,1,0,0,0,90000,0,4,3,1,-10731,-885.0,1,0,0,0,1,0
5048583,1,0,1,0,135000,1,4,1,1,-21579,3682.375,1,0,0,0,2,0
5115566,0,0,1,0,126000,1,4,1,4,-16491,3682.375,1,0,0,0,2,0
5052722,1,0,0,0,126000,1,4,1,1,-21875,3682.375,1,0,0,0,2,0
5067723,1,0,1,1,337500,3,0,3,1,-12555,-2769.0,1,0,0,0,2,0
5056077,0,1,1,0,90000,3,4,1,1,-12154,-1547.0,1,0,0,0,2,0
5022275,0,1,1,0,131400,1,4,1,1,-23646,3682.375,1,0,0,0,2,0
5143016,0,0,0,0,180000,0,4,0,4,-14542,-3179.0,1,0,0,0,2,0
5066709,1,0,1,0,247500,1,4,4,1,-24511,3682.375,1,0,0,0,1,0
5021445,1,0,1,0,121500,3,4,1,5,-13315,-5204.0,1,1,1,0,2,0
5053592,1,0,1,1,117000,3,3,4,1,-17633,-3072.0,1,0,1,0,2,0
5116163,1,0,1,2,90000,3,4,1,1,-9899,-320.0,1,0,0,0,4,0
5041273,0,0,1,0,445500,0,1,2,1,-19298,-2469.0,1,0,0,0,1,0
5066627,0,1,1,0,157500,3,4,1,1,-16040,-583.0,1,0,0,0,2,0
5125399,0,1,0,0,112500,3,4,1,1,-10066,-834.0,1,0,0,0,2,0
5067345,1,1,0,0,180000,0,4,1,1,-16541,-1085.0,1,0,1,0,2,0
5053711,1,1,0,2,157500,0,2,1,1,-12857,-1399.0,1,0,0,1,4,0
5096234,1,0,0,0,117000,3,4,1,1,-17087,-7288.625,1,1,1,0,2,0
5125158,0,0,1,1,234000,3,4,1,1,-11970,-1748.0,1,0,0,0,3,0
5143231,1,1,1,1,1575000,0,1,3,1,-10142,-2479.0,1,0,0,0,2,0
5062688,0,1,1,0,247500,2,4,1,2,-20112,-875.0,1,1,0,1,2,0
5105685,1,0,1,2,144000,3,4,1,1,-14132,-2805.0,1,1,1,0,4,0
5115984,0,1,1,2,180000,3,1,1,1,-13174,-2477.0,1,0,0,0,4,0
5085769,1,0,1,0,166500,0,4,1,1,-19310,-1477.0,1,0,0,0,2,0
5065363,1,0,1,1,216000,3,1,3,1,-10512,-1782.0,1,0,1,0,2,0
5140074,1,0,1,0,90000,0,4,1,1,-15124,-431.0,1,0,0,0,2,0
5067643,1,0,1,0,171000,1,1,1,1,-19961,3682.375,1,0,0,0,2,0
5091963,0,1,0,0,180000,3,4,1,2,-18809,-1416.0,1,1,0,0,2,0
5053637,1,0,0,0,225000,1,1,2,1,-21944,3682.375,1,0,0,0,1,0
5067149,0,0,0,2,225000,3,2,1,1,-13969,-263.0,1,0,0,0,4,0
5096424,0,1,0,0,270000,0,1,2,1,-11621,-2349.0,1,0,1,0,1,0
5046283,1,0,1,0,67050,1,1,1,1,-24305,3682.375,1,0,0,0,2,0
5029348,0,1,1,0,270000,3,1,1,1,-10942,-412.0,1,0,0,0,2,0
5096061,1,0,0,2,73350,3,4,1,1,-14321,-7068.0,1,0,0,0,4,0
5028917,1,1,1,0,112500,3,4,1,1,-17202,-1787.0,1,0,0,0,2,0
5117778,1,1,0,0,144000,3,4,4,1,-14407,-1345.0,1,0,0,0,1,0
5095310,1,1,1,0,225000,3,1,1,1,-12322,-3717.0,1,0,0,0,2,0
5050655,1,0,0,0,112500,3,4,1,1,-14667,-1048.0,1,1,1,0,2,0
5033817,1,1,0,1,292500,2,1,1,1,-16010,-2667.0,1,0,1,0,3,0
5052963,0,1,1,0,135000,0,4,1,1,-9984,-2606.0,1,0,0,0,2,0
5113159,0,1,1,0,157500,0,4,3,2,-9862,-2135.0,1,1,0,0,1,0
5143235,1,1,1,1,1575000,0,1,3,1,-10142,-2479.0,1,0,0,0,2,0
5132800,1,0,1,0,157500,3,4,2,1,-18540,-1534.0,1,0,0,0,1,0
5090549,1,0,1,0,157500,3,4,1,1,-15241,-2531.0,1,0,0,0,2,0
5054522,1,1,1,1,135000,3,1,1,1,-10014,-2311.0,1,0,0,0,3,0
5051061,1,0,0,2,112500,0,4,1,1,-11945,-1323.0,1,0,1,0,4,0
5010707,0,1,0,0,202500,3,4,1,1,-15862,-5061.0,1,0,1,0,2,0
5028984,1,0,1,0,193500,3,4,2,1,-19063,-2213.0,1,1,1,1,1,0
5028615,1,1,1,0,225000,0,1,3,5,-10681,-2152.0,1,0,1,0,1,0
5126034,1,1,1,0,108000,3,4,2,1,-17171,-925.0,1,0,0,1,1,0
5090470,0,0,1,1,900000,3,4,1,1,-15380,-4509.0,1,0,0,0,3,0
5021775,1,0,1,0,292500,0,1,0,1,-14522,-1552.0,1,0,0,0,2,0
5046415,0,1,1,0,270000,3,1,1,1,-14466,-1569.0,1,0,1,0,2,0
5065606,0,1,0,0,270000,1,1,1,1,-23489,3682.375,1,0,0,0,2,0
5117314,0,0,1,1,292500,3,4,1,1,-16632,-1679.0,1,0,0,0,3,0
5009195,1,0,0,0,292500,2,4,1,1,-20953,-7288.625,1,1,1,0,2,0
5139548,1,1,1,2,157500,0,1,1,1,-13584,-6337.0,1,0,1,0,4,0
5096416,1,0,0,0,76500,3,4,1,1,-16876,-97.0,1,1,0,0,2,0
5042286,1,0,1,0,157500,3,4,3,1,-10809,-1222.0,1,0,0,0,1,0
5050729,0,1,0,0,180000,3,4,3,5,-8528,-531.0,1,0,0,0,1,0
5038897,1,0,1,0,135000,1,4,1,1,-22886,3682.375,1,0,1,0,2,0
5050973,1,0,0,1,112500,2,4,3,1,-15964,-7288.625,1,0,0,0,2,0
5044935,0,0,1,2,360000,2,1,1,1,-16027,-5639.0,1,0,1,0,4,0
5113539,1,0,1,0,157500,3,4,1,1,-20976,-1776.0,1,0,0,0,2,0
5085990,1,1,1,0,225000,1,4,1,1,-21717,3682.375,1,0,0,0,2,0
5033452,1,0,0,0,112500,3,4,1,1,-19143,-5498.0,1,1,1,0,2,0
5051240,1,1,0,0,121500,1,4,3,1,-23328,3682.375,1,0,0,0,1,0
5065335,0,0,1,0,202500,0,3,1,4,-9766,-1935.0,1,0,1,0,2,0
5145978,1,1,0,0,112500,2,4,4,1,-19538,-5880.0,1,0,0,0,1,0
5105614,1,1,1,2,135000,3,1,1,1,-12334,-460.0,1,0,0,0,4,0
5038845,1,0,1,0,103500,0,4,1,1,-17007,-1569.0,1,1,1,0,2,0
5105556,1,0,1,0,157500,3,4,1,1,-19802,-4532.0,1,0,0,0,2,0
5028383,0,1,0,0,337500,3,4,3,5,-11344,-3309.0,1,0,0,0,1,0
5009980,1,1,1,0,180000,2,4,1,1,-20644,-3873.0,1,0,0,0,2,0
5062075,1,0,1,0,112500,1,4,1,1,-21392,3682.375,1,0,0,0,2,0
5009706,1,0,0,0,157500,3,1,1,1,-11644,-344.0,1,0,0,0,2,0
5146463,0,1,0,0,360000,2,1,1,1,-9983,-1923.0,1,0,0,0,2,0
5112662,1,0,0,1,135000,0,4,1,1,-12269,-604.0,1,0,0,0,3,0
5096796,0,1,1,0,337500,3,1,2,1,-13188,-584.0,1,0,0,0,1,0
5066843,1,0,1,0,135000,1,4,1,1,-17090,3682.375,1,0,0,0,2,0
5066597,1,0,0,1,360000,0,1,0,1,-14805,-1922.0,1,0,0,0,3,0
5047704,1,0,1,2,166500,3,4,3,1,-14717,-1496.0,1,0,0,0,3,0
5009074,1,1,1,1,450000,2,1,1,1,-17726,-708.0,1,0,1,1,3,0
5090954,1,0,0,0,270000,2,4,2,1,-19363,-7288.625,1,0,1,1,1,0
5143019,0,0,0,0,270000,3,4,1,5,-11768,-622.0,1,1,1,0,2,0
5118617,1,0,0,0,270000,0,1,3,1,-15770,-5209.0,1,0,0,0,1,0
5116018,1,1,1,0,450000,1,1,4,1,-22083,3682.375,1,0,1,0,1,0
5139662,1,0,1,0,157500,1,3,1,1,-23483,3682.375,1,0,0,0,2,0
5042232,1,0,1,0,112500,0,4,3,1,-12849,-6273.0,1,1,0,0,1,0
5125317,0,1,0,0,292500,0,4,1,1,-20874,-2722.0,1,0,0,0,2,0
5068038,1,0,0,0,112500,2,4,1,5,-17164,-7288.625,1,0,0,0,2,0
5038814,1,0,1,0,247500,0,4,1,1,-19366,-746.0,1,0,0,0,2,0
5095356,1,0,0,0,157500,3,4,3,5,-9020,-1039.0,1,0,0,0,1,0
5037266,0,1,0,0,225000,3,4,3,1,-11892,-1322.0,1,0,0,0,1,0
5052865,1,0,1,0,94500,0,2,1,1,-13870,-3458.0,1,1,1,0,2,0
5096211,0,0,0,0,81000,3,4,0,1,-14211,-158.0,1,1,0,0,2,0
5023280,1,1,1,0,180000,0,4,1,1,-16701,-2457.0,1,0,0,0,2,0
5132340,1,0,1,2,198000,0,2,2,1,-15646,-2811.0,1,0,0,0,3,0
5136012,1,0,0,3,180000,3,1,1,1,-13678,-7018.0,1,0,0,0,5,0
5045917,0,1,1,0,315000,0,4,1,4,-16990,-2026.0,1,0,0,0,2,0
5041073,1,0,1,0,67500,3,4,3,1,-18179,-188.0,1,0,0,0,2,0
5149660,1,0,1,1,180000,0,4,0,1,-11920,-2967.0,1,0,0,0,3,0
5022756,1,0,0,1,202500,0,4,2,1,-10800,-3166.0,1,0,0,0,2,0
5036562,1,0,0,1,112500,3,4,1,1,-11953,-5107.0,1,1,0,0,3,0
5117754,0,1,0,0,306000,3,4,1,1,-16011,-1649.0,1,0,0,0,2,0
5125281,1,0,1,1,90000,3,4,1,1,-16280,-3694.0,1,0,0,1,3,0
5149039,1,0,1,2,270000,0,1,0,1,-11008,-3697.0,1,0,0,0,4,0
5021267,1,1,1,1,270000,3,4,1,1,-14512,-4596.0,1,0,0,0,3,0
5125166,0,0,1,1,234000,3,4,1,1,-11970,-1748.0,1,0,0,0,3,0
5125524,0,0,0,2,171000,3,4,1,2,-13865,-5674.0,1,1,1,0,4,0
5010089,1,0,0,0,225000,0,4,1,1,-10304,-1682.0,1,0,0,0,2,0
5126457,1,0,0,0,94500,3,1,1,1,-16825,-196.0,1,0,0,0,2,0
5142763,1,0,0,0,117000,0,4,3,5,-10021,-530.0,1,0,0,0,1,0
5023261,0,1,1,0,180000,0,4,1,1,-21202,-1696.0,1,0,0,0,2,0
5090861,1,1,1,0,202500,0,4,1,1,-19765,-2168.0,1,0,0,0,2,0
5146123,1,0,0,0,54000,1,4,3,1,-20132,3682.375,1,0,0,0,1,0
5023410,1,0,1,0,112500,1,4,1,1,-21642,3682.375,1,0,0,0,2,0
5010032,0,1,1,0,85500,1,4,1,1,-22121,3682.375,1,0,1,0,2,0
5118397,0,0,0,0,135000,3,4,1,1,-17154,-1649.0,1,0,0,0,2,0
5033628,1,0,1,0,166500,2,1,1,1,-23599,-7288.625,1,0,0,0,2,0
5069399,0,0,1,0,157500,3,4,3,1,-8396,-1509.0,1,1,1,0,1,0
5008889,1,0,1,0,247500,0,1,2,4,-17016,-1347.0,1,0,0,0,1,0
5022041,0,0,1,0,180000,3,4,1,1,-10049,-1405.0,1,0,0,1,2,0
5126124,1,1,0,0,72000,3,4,1,1,-15185,-227.0,1,1,1,0,2,0
5023563,1,0,1,0,202500,3,4,4,1,-17782,-7288.625,1,0,0,0,1,0
5050853,0,0,0,0,180000,0,1,3,1,-9488,-1505.0,1,0,0,0,1,0
5024412,0,1,0,0,270000,3,1,1,1,-18582,-5084.0,1,0,0,0,2,0
5090612,1,1,0,0,202500,3,1,1,1,-13788,-2905.0,1,0,0,0,2,0
5028274,1,1,0,2,360000,3,2,1,1,-12730,-2213.0,1,0,0,0,4,0
5028996,0,1,1,0,270000,3,1,1,1,-12262,-356.0,1,0,0,0,2,0
5126322,1,0,0,0,270000,3,4,1,1,-17778,-1719.0,1,1,1,0,2,0
5053610,1,0,1,0,112500,3,4,1,2,-20589,-3680.0,1,0,0,0,2,0
5069227,1,1,1,0,166500,0,4,1,1,-17330,-962.0,1,0,1,0,2,0
5137401,1,0,0,0,157500,3,1,2,1,-17237,-3000.0,1,0,0,0,1,0
5142812,0,1,0,0,202500,2,4,1,1,-11648,-4275.0,1,1,1,0,2,0
5053114,1,0,1,0,99000,1,4,1,1,-23849,3682.375,1,0,0,0,2,0
5149027,1,0,1,0,162000,1,4,1,1,-22795,3682.375,1,0,0,0,2,0
5145869,1,0,1,0,225000,1,4,2,1,-20978,3682.375,1,0,1,0,1,0
5053354,1,1,0,0,225000,3,4,1,1,-18362,-110.0,1,0,0,0,2,0
5087944,1,0,1,0,72000,3,4,4,1,-19923,-2078.0,1,1,1,0,1,0
5035688,1,1,1,0,135000,3,4,0,1,-16505,-7288.625,1,0,0,0,2,0
5068491,0,0,0,1,315000,0,1,1,1,-18321,-110.0,1,0,1,0,3,0
5044860,1,0,1,0,167400,1,4,1,1,-19028,3682.375,1,0,0,0,2,0
5117047,1,0,1,0,180000,1,4,4,1,-23027,3682.375,1,0,0,0,1,0
5022676,0,0,1,0,135000,1,4,1,1,-23286,3682.375,1,0,0,0,2,0
5009739,1,1,0,0,99000,3,4,1,1,-14657,-4392.0,1,1,1,0,2,0
5096991,1,0,1,1,225000,0,1,1,1,-12272,-126.0,1,0,0,0,3,0
5067982,0,1,1,0,153000,3,1,2,5,-20013,-7288.625,1,0,0,1,1,0
5135982,1,0,1,0,423000,0,4,2,1,-13480,-3153.0,1,0,0,0,1,0
5046362,1,0,1,0,90000,3,4,0,5,-14386,-139.0,1,1,1,0,2,0
5066817,1,1,0,1,360000,3,1,4,1,-16480,-4023.0,1,0,0,1,2,0
5143519,1,0,1,0,247500,1,4,3,1,-23280,3682.375,1,0,0,0,1,0
5068888,1,0,1,0,225000,3,4,1,1,-23537,-4888.0,1,0,0,0,2,0
5150412,1,0,1,0,67500,1,4,4,1,-22116,3682.375,1,0,0,0,1,0
5067924,1,0,1,0,112500,1,4,4,1,-22743,3682.375,1,0,0,0,1,0
5056149,0,1,0,0,157500,3,4,1,1,-23424,-7288.625,1,0,0,0,2,0
5022308,1,0,1,0,90000,3,4,2,1,-19042,-3319.0,1,0,0,0,1,0
5068465,1,0,1,1,90000,0,4,1,1,-10175,-1966.0,1,0,1,0,3,0
5036881,1,1,1,0,225000,1,4,1,1,-22471,3682.375,1,0,0,0,2,0
5137033,0,1,0,1,112500,3,4,1,1,-14301,-200.0,1,0,1,0,3,0
5148812,1,0,1,0,112500,1,4,1,1,-22416,3682.375,1,0,0,0,2,0
5100220,0,1,1,2,315000,0,4,1,1,-15182,-6123.0,1,0,0,0,4,0
5078842,1,1,1,1,135000,3,4,1,5,-10532,-117.0,1,0,0,0,3,0
5010526,0,1,1,1,450000,3,1,1,3,-18476,-2625.0,1,0,0,0,3,0
5105150,1,0,1,0,90000,3,1,1,1,-18940,-1763.0,1,0,0,0,2,0
5045253,1,0,1,1,270000,3,4,1,1,-20854,-3689.0,1,0,0,0,3,0
5100000,1,0,0,1,180000,0,4,1,1,-15226,-3414.0,1,0,0,0,3,0
5029725,1,0,1,1,135000,0,1,1,1,-9778,-2910.0,1,1,0,1,3,0
5090925,1,0,1,0,243000,0,4,1,5,-17000,-3412.0,1,0,0,0,2,0
5115947,0,1,1,0,225000,3,4,3,1,-9586,-1107.0,1,0,0,0,1,0
5028572,1,0,1,0,112500,1,1,1,1,-22062,3682.375,1,0,0,0,2,0
5022373,1,0,1,1,234000,3,4,3,1,-20693,-7288.625,1,0,0,0,2,0
5149040,1,0,1,0,180000,3,4,0,1,-19750,-3608.0,1,0,0,0,2,0
5113291,1,1,1,2,121500,3,2,1,1,-11327,-101.0,1,1,1,0,4,0
5139951,1,1,1,0,121500,2,4,1,1,-19988,-3231.0,1,1,0,0,2,0
5028697,0,1,0,1,270000,3,1,1,4,-10817,-203.0,1,0,1,0,3,0
5148527,1,0,1,0,180000,1,4,1,1,-23365,3682.375,1,0,0,0,2,0
5009443,1,0,0,0,90000,2,4,1,1,-9489,-1682.0,1,0,1,0,2,0
5096621,1,0,0,1,135000,3,4,1,1,-14461,-1589.0,1,0,1,0,3,0
5149150,0,1,1,0,247500,3,4,1,1,-10952,-3577.0,1,1,0,0,2,0
5118448,1,0,0,1,76500,3,4,1,1,-10080,-735.0,1,1,0,0,3,0
5116818,0,0,1,0,85500,2,4,2,0,-16542,-7288.625,1,1,1,0,1,0
5022833,0,1,1,0,202500,3,4,1,1,-17262,-1617.0,1,0,0,0,2,0
5086006,1,0,1,0,157500,1,4,4,1,-21497,3682.375,1,0,0,0,1,0
5010397,1,1,1,1,225000,3,1,1,1,-14148,-1591.0,1,1,1,0,3,0
5047789,1,1,1,0,225000,0,1,1,1,-10457,-979.0,1,0,0,0,2,0
5105657,1,1,1,2,540000,3,1,3,1,-14160,-422.0,1,0,1,1,3,0
5150047,1,0,1,0,283500,3,4,1,1,-17958,-655.0,1,0,0,0,2,0
5035791,1,1,1,0,90000,1,4,4,1,-21973,3682.375,1,0,0,0,1,0
5021682,0,0,1,0,166500,0,4,2,1,-18745,-3653.0,1,0,0,0,1,0
5088699,1,1,1,0,252000,3,4,1,1,-17562,-1261.0,1,0,0,0,2,0
5115797,1,0,1,1,135000,0,4,3,1,-14578,-7288.625,1,0,0,0,2,0
5023460,1,1,1,0,315000,1,4,3,1,-21012,3682.375,1,0,0,0,1,0
5096466,0,1,0,1,450000,3,1,1,1,-19410,-5545.0,1,1,0,0,3,0
5146472,1,1,1,0,180000,0,1,0,1,-14133,-3810.0,1,0,0,0,2,0
5024527,1,0,1,0,270000,1,4,4,1,-20967,3682.375,1,0,1,0,1,0
5095193,0,1,1,1,495000,0,4,1,1,-16040,-1190.0,1,0,1,0,3,0
5068156,0,1,1,0,180000,3,4,1,1,-19565,-3246.0,1,0,0,0,2,0
5117756,0,1,0,0,306000,3,4,1,1,-16011,-1649.0,1,0,0,0,2,0
5066507,1,0,1,0,157500,3,4,3,1,-17538,-7288.625,1,0,1,0,1,0
5143164,1,0,0,2,180000,0,4,1,1,-13791,-1353.0,1,1,0,0,4,0
5088834,1,0,1,0,612000,2,4,1,1,-12563,-3715.0,1,0,0,1,2,0
5135841,1,0,1,1,36000,3,4,1,1,-12417,-1113.0,1,0,1,0,3,0
5023059,0,1,1,1,112500,3,4,1,1,-11279,-508.0,1,0,0,0,3,0
5125325,0,1,0,0,292500,0,4,1,1,-20874,-2722.0,1,0,0,0,2,0
5135574,1,1,1,0,180000,3,4,1,1,-11749,-992.0,1,0,0,0,2,0
5009053,1,0,1,2,202500,3,1,1,1,-10997,-2289.0,1,0,0,1,4,0
5028292,1,0,1,0,292500,3,1,2,1,-19736,-7288.625,1,0,1,0,1,0
5029108,0,1,0,1,315000,2,4,1,1,-13230,-3643.0,1,0,0,1,3,0
5091400,1,0,0,0,135000,3,4,1,5,-12278,-869.0,1,0,0,0,2,0
5050768,1,0,0,2,337500,3,4,1,1,-10990,-2174.0,1,0,0,0,4,0
5113420,1,0,0,1,157500,3,4,3,2,-12716,-5336.0,1,0,0,0,2,0
5113132,1,1,1,0,360000,0,4,1,1,-19033,-3535.0,1,0,0,0,2,0
5062670,1,1,1,1,135000,3,1,1,1,-14863,-4407.0,1,0,0,0,3,0
5029352,0,1,1,0,270000,3,1,1,1,-10942,-412.0,1,0,0,0,2,0
5105067,0,0,1,0,157500,3,2,1,1,-13682,-453.0,1,1,1,0,2,0
5143573,0,1,0,0,157500,3,2,1,5,-9124,-960.0,1,1,0,0,2,0
5045203,1,1,1,0,139500,1,4,1,1,-21009,3682.375,1,0,0,0,2,0
5065673,1,0,0,0,135000,3,4,3,1,-11512,-4711.0,1,0,0,0,1,0
5029544,1,1,1,1,133650,0,4,1,1,-14596,-1965.0,1,0,0,0,3,0
5045800,0,1,1,1,427500,3,4,1,1,-11892,-2543.0,1,0,1,0,3,0
5111159,1,1,1,1,81000,3,1,1,1,-10648,-1393.0,1,1,1,0,3,0
5099957,1,1,1,1,225000,0,1,1,1,-11239,-460.0,1,0,0,0,3,0
5143360,1,0,1,0,126000,3,4,1,1,-22811,-2234.0,1,1,1,0,2,0
5091753,0,1,0,2,135000,3,1,1,1,-12725,-1631.0,1,0,0,0,4,0
5117403,1,0,0,0,94500,3,4,1,1,-16758,-1619.0,1,0,0,0,2,0
5149319,1,1,1,1,180000,3,1,2,1,-18838,-5981.0,1,0,0,0,2,0
5137542,1,0,0,0,157500,3,4,1,1,-18881,-3153.0,1,1,0,0,2,0
5095170,0,1,1,0,252000,0,1,1,1,-13796,-2682.0,1,0,0,0,2,0
5090780,1,0,0,1,202500,3,4,1,1,-12047,-3443.0,1,0,0,0,3,0
5092242,1,0,0,0,117000,3,4,1,1,-20754,-2330.0,1,0,0,0,2,0
5068671,0,0,1,0,247500,3,2,1,1,-9159,-413.0,1,0,0,0,2,0
5143427,1,0,1,0,180000,1,4,3,1,-23431,3682.375,1,0,0,0,1,0
5087994,0,1,1,1,180000,0,2,0,1,-15547,-6645.0,1,0,0,0,3,0
5052739,1,0,1,2,180000,0,4,1,1,-10454,-505.0,1,0,0,1,4,0
5068747,1,0,0,0,157500,3,1,0,5,-13231,-201.0,1,0,0,0,2,0
5025029,1,0,0,0,135000,1,4,1,1,-20013,3682.375,1,0,0,0,2,0
5149353,0,1,1,0,166500,0,1,1,1,-12208,-3273.0,1,0,0,0,2,0
5022571,0,1,1,0,202500,1,1,1,1,-21721,3682.375,1,0,0,0,2,0
5024578,1,0,0,1,90000,3,4,1,5,-10253,-1462.0,1,0,0,0,3,0
5058405,0,1,1,0,247500,3,1,1,1,-12843,-2609.0,1,0,0,0,2,0
5041869,0,1,0,0,99000,2,4,1,1,-19433,-521.0,1,1,1,0,2,0
5115894,0,1,0,0,247500,0,4,1,1,-17455,-1321.0,1,0,0,0,2,0
5062749,0,1,0,1,202500,2,1,1,1,-13387,-2467.0,1,0,0,0,3,0
5045611,1,0,1,2,90000,3,4,1,1,-11762,-716.0,1,0,0,0,4,0
5113288,1,1,1,2,121500,3,2,1,1,-11327,-101.0,1,1,1,0,4,0
5053003,1,1,1,0,157500,3,2,1,1,-9389,-1632.0,1,1,1,0,2,0
5118038,1,0,0,2,121500,3,1,1,1,-11697,-614.0,1,0,0,0,4,0
5091405,1,0,1,0,135000,3,4,3,1,-17579,-1904.0,1,1,0,0,1,0
5137022,1,0,0,0,180000,2,4,4,1,-18181,-351.0,1,1,1,0,1,0
5117594,1,0,0,0,144000,3,4,3,1,-16898,-7288.625,1,1,1,0,1,0
5085704,0,1,1,0,126000,1,4,1,1,-19474,3682.375,1,0,0,0,2,0
5137292,0,1,0,1,225000,3,4,1,1,-15243,-7260.0,1,1,1,0,3,0
5038751,0,1,1,2,157500,0,1,1,5,-14192,-626.0,1,0,0,0,4,0
5099900,0,1,1,0,157500,0,4,1,1,-20341,-6853.0,1,0,0,0,2,0
5116676,0,1,1,3,270000,3,4,1,1,-13427,-458.0,1,1,0,0,5,0
5061321,1,1,1,1,261000,2,1,1,1,-15050,-1628.0,1,0,0,0,3,0
5139410,1,1,1,2,135000,2,4,1,1,-14439,-6094.0,1,1,0,0,4,0
5048486,0,1,1,0,202500,3,4,1,1,-12992,-734.0,1,1,1,0,2,0
5139658,1,0,1,0,157500,1,3,1,1,-23483,3682.375,1,0,0,0,2,0
5091280,0,0,1,1,103500,3,4,1,1,-11822,-657.0,1,1,0,0,3,0
5023186,0,1,1,0,135000,3,4,1,1,-17235,-2700.0,1,0,1,0,2,0
5054307,0,0,0,1,135000,3,4,1,1,-10116,-880.0,1,0,0,0,3,0
5116879,1,0,0,0,112500,3,1,3,5,-11061,-157.0,1,1,1,0,1,0
5050453,0,0,1,1,231750,3,4,1,1,-14247,-135.0,1,0,0,0,3,0
5022804,1,1,1,0,202500,3,1,4,1,-11998,-1497.0,1,0,0,0,1,0
5091374,0,1,1,0,247500,3,4,1,1,-15366,-1266.0,1,1,1,0,2,0
5135484,1,0,1,0,135000,2,1,3,2,-10660,-1935.0,1,0,0,0,1,0
5054188,1,0,0,0,135000,3,4,1,1,-11390,-515.0,1,0,1,0,2,0
5054626,1,0,1,0,112500,1,4,4,1,-22034,3682.375,1,0,0,0,1,0
5068548,0,1,1,0,117000,0,4,1,1,-19351,-1023.0,1,0,0,0,2,0
5053472,0,0,1,0,112500,3,4,1,1,-18516,-2129.0,1,1,1,0,2,0
5105395,1,0,1,0,135000,3,2,3,1,-10932,-575.0,1,0,0,0,1,0
5029554,1,0,1,0,103500,1,4,4,1,-23751,3682.375,1,0,0,0,1,0
5089722,1,0,0,0,315000,0,4,2,1,-17617,-3262.0,1,1,1,1,1,0
5066562,1,0,0,0,180000,0,2,1,5,-8247,-430.0,1,1,0,1,2,0
5062547,1,0,1,3,247500,0,2,1,1,-12099,-2207.0,1,0,0,1,5,0
5010203,0,1,1,0,135000,3,3,1,5,-9981,-1866.0,1,0,0,1,2,0
5024665,1,0,1,0,157500,3,4,1,1,-14425,-4568.0,1,1,1,0,2,0
5089626,1,0,0,0,315000,0,1,1,1,-16188,-309.0,1,1,1,1,2,0
5021373,1,0,1,0,247500,3,1,1,1,-22100,-578.0,1,0,0,1,2,0
5054699,0,1,1,0,157500,3,1,1,1,-16040,-6908.0,1,0,0,0,2,0
5051180,0,1,0,1,166500,3,4,1,1,-13086,-1931.0,1,0,1,0,3,0
5143515,1,0,1,0,247500,1,4,3,1,-23280,3682.375,1,0,0,0,1,0
5018461,1,0,1,1,166500,3,4,1,1,-20208,-7288.625,1,0,1,0,3,0
5096300,1,0,0,1,112500,0,4,1,1,-9320,-2257.0,1,0,0,0,3,0
5148897,0,0,1,0,90900,1,4,1,1,-22233,3682.375,1,0,1,0,2,0
5025047,1,1,0,3,112500,3,4,1,1,-11731,-3776.0,1,1,1,0,5,0
5092164,1,1,1,0,45900,1,4,4,1,-20282,3682.375,1,0,1,0,1,0
5053143,0,0,1,1,126000,3,4,0,1,-12301,-140.0,1,0,1,0,3,0
5038510,1,0,1,0,103500,3,2,1,1,-11855,-4583.0,1,0,0,0,2,0
5023482,1,0,1,1,119250,3,4,1,1,-15931,-4404.0,1,1,1,0,3,0
5054099,0,1,0,2,202500,3,1,1,1,-11736,-727.0,1,0,0,0,4,0
5062713,1,0,1,1,157500,3,4,1,1,-14510,-3805.0,1,0,0,0,3,0
5088851,1,1,1,0,112500,3,1,1,1,-11353,-2316.0,1,0,0,1,2,0
5111117,1,0,1,1,315000,3,1,1,1,-11602,-1455.0,1,0,0,0,3,0
5118115,0,0,0,1,270000,0,4,1,1,-13538,-5422.0,1,1,1,0,3,0
5024258,0,0,1,0,162000,3,4,3,1,-11495,-581.0,1,0,0,0,1,0
5113976,0,1,0,0,270000,3,2,1,1,-11955,-893.0,1,1,1,1,2,0
5099907,1,0,1,2,112500,3,2,1,1,-10927,-1860.0,1,0,0,0,4,0
5092332,1,0,1,0,58500,1,4,3,1,-24946,3682.375,1,0,1,0,1,0
5038932,1,0,1,0,94500,0,1,2,1,-14548,-6317.0,1,0,1,0,1,0
5078924,0,0,1,0,270000,3,4,1,1,-16116,-1000.0,1,0,1,0,2,0
5068390,1,1,1,1,270000,3,1,2,1,-14052,-140.0,1,0,1,1,2,0
5046036,1,1,1,0,99000,1,4,0,1,-21527,3682.375,1,0,0,0,2,0
5033788,1,0,1,1,315000,3,1,2,1,-15738,-4766.0,1,1,1,0,2,0
5010781,1,1,1,1,157500,0,1,1,1,-14474,-2259.0,1,0,0,1,3,0
5022761,1,0,1,0,180000,3,4,1,1,-9791,-1344.0,1,0,0,1,2,0
5041980,1,0,0,0,211500,0,1,1,5,-14636,-4690.0,1,1,1,0,2,0
5113854,0,0,0,0,202500,3,4,3,1,-15323,-7288.625,1,1,0,0,1,0
5126612,1,1,0,0,180000,1,4,4,1,-20395,3682.375,1,0,1,0,1,0
5132264,1,0,0,0,144000,3,4,1,1,-16040,-2052.0,1,0,1,0,2,0
5142136,1,0,0,2,144000,3,4,1,1,-17001,-5004.0,1,0,0,0,4,0
5088163,1,0,1,0,270000,3,4,3,1,-12922,-923.0,1,0,0,0,1,0
5146086,0,0,0,0,148500,3,4,3,2,-14122,-1193.0,1,0,0,1,1,0
5139553,1,1,1,2,157500,0,1,1,1,-13584,-6337.0,1,0,1,0,4,0
5041474,1,0,1,0,90000,0,1,1,1,-9006,-793.0,1,0,0,1,2,0
5025020,1,0,1,0,148500,1,4,1,1,-21512,3682.375,1,0,0,0,2,0
5118270,1,0,0,0,99000,3,4,1,5,-19566,-5453.0,1,1,0,0,2,0
5095324,1,0,1,0,315000,1,4,4,1,-22854,3682.375,1,0,1,0,1,0
5142290,1,0,1,1,162000,2,1,0,1,-15027,-88.0,1,0,0,0,3,0
5148792,1,0,1,0,202500,0,4,4,1,-17450,-5495.0,1,0,0,0,1,0
5062031,1,1,1,0,225000,3,1,3,1,-9688,-593.0,1,0,1,1,1,0
5088836,1,0,1,0,612000,2,4,1,1,-12563,-3715.0,1,0,0,1,2,0
5035418,1,0,1,0,292500,3,1,1,1,-21111,-4816.0,1,0,0,0,2,0
5089896,1,0,1,0,67500,1,1,3,2,-23694,3682.375,1,0,0,1,1,0
5137407,1,0,0,0,157500,3,1,2,1,-17237,-3000.0,1,0,0,0,1,0
5086060,1,0,1,0,135000,2,4,1,1,-20542,-7288.625,1,0,1,0,2,0
5095117,1,0,1,0,67500,3,1,1,1,-14240,-1586.0,1,0,0,0,2,0
5067419,1,0,1,0,144000,1,4,1,1,-23334,3682.375,1,0,0,0,2,0
5041307,1,1,1,0,90000,1,4,1,1,-23118,3682.375,1,0,1,0,2,0
5146401,1,0,1,0,112500,3,4,2,1,-19682,-2104.0,1,1,0,0,1,0
5105137,1,0,1,0,112500,3,4,3,1,-9957,-1032.0,1,0,0,0,1,0
5053388,1,0,1,0,135000,3,4,0,1,-16300,-7288.625,1,0,0,1,2,0
5146467,0,1,0,0,360000,2,1,1,1,-9983,-1923.0,1,0,0,0,2,0
5113082,1,0,1,1,112500,3,1,3,1,-15303,-1131.0,1,0,0,0,2,0
5052755,0,0,1,0,225000,3,4,0,1,-10570,-1175.0,1,0,0,0,2,0
5092436,1,1,1,0,112500,1,4,1,1,-19921,3682.375,1,0,1,0,2,0
5022243,1,0,1,0,202500,3,4,1,1,-15231,-7288.625,1,0,0,1,2,0
5113020,0,1,1,0,202500,2,4,1,1,-14622,-2199.0,1,0,0,0,2,0
5058267,0,0,0,1,225000,0,4,1,5,-17868,-1912.0,1,0,0,0,3,0
5037247,0,1,1,2,112500,3,4,1,1,-12170,-926.0,1,0,0,0,4,0
5100461,0,1,1,1,202500,0,4,0,1,-12417,-2499.0,1,0,0,0,3,0
5096753,0,1,0,0,328500,3,1,1,1,-14897,-2654.0,1,1,1,0,2,0
5091778,0,0,1,2,112500,0,4,1,1,-10874,-1174.0,1,1,0,0,4,0
5038569,0,1,1,0,202500,3,4,1,1,-19974,-230.0,1,0,1,0,2,0
5069169,0,1,1,0,135000,3,4,1,1,-10314,-962.0,1,0,0,1,2,0
5065820,0,1,1,1,157500,3,4,1,1,-16040,-2276.0,1,0,0,0,3,0
5091048,1,0,1,2,270000,0,1,1,1,-15438,-2197.0,1,0,0,1,4,0
5097134,0,1,1,0,157500,3,4,1,1,-11382,-2468.0,1,1,1,0,2,0
5097106,1,0,1,0,193500,3,4,1,1,-21026,-7288.625,1,0,1,0,2,0
5099877,1,1,1,0,103500,1,4,1,1,-21671,3682.375,1,0,1,0,2,0
5033884,0,1,1,0,90000,3,4,1,1,-20063,-932.0,1,1,1,0,2,0
5097024,0,1,0,0,198000,0,1,1,1,-13643,-2956.0,1,0,0,0,2,0
5010412,1,0,1,0,202500,1,4,1,1,-21854,3682.375,1,0,0,0,2,0
5091144,0,1,0,0,225000,3,4,1,1,-10785,-1345.0,1,0,0,0,2,0
5088503,0,1,1,0,72000,3,1,1,1,-21897,-619.0,1,0,0,0,2,0
5126142,0,1,0,2,202500,3,4,1,1,-15904,-3787.0,1,0,0,0,4,0
5067020,1,1,1,1,247500,3,4,0,1,-17152,-1253.0,1,0,0,1,3,0
5061076,0,1,0,0,157500,2,4,1,1,-14926,-3242.0,1,1,0,0,2,0
5126527,1,0,0,0,225000,2,4,1,5,-12269,-196.0,1,0,1,0,2,0
5078931,0,0,0,0,112500,0,4,3,2,-15853,-298.0,1,0,1,0,1,0
5125471,0,1,1,1,450000,0,1,1,1,-17437,-1748.0,1,0,0,0,3,0
5025207,0,1,1,1,180000,0,4,1,1,-9901,-124.0,1,0,0,0,3,0
5042097,1,0,0,1,108000,3,4,2,1,-14349,-4082.0,1,0,1,0,2,0
5067653,1,0,1,0,787500,2,1,1,1,-17203,-1431.0,1,0,0,1,2,0
5089137,1,1,0,0,202500,0,4,0,5,-14228,-5330.0,1,0,1,0,2,0
5065601,0,0,1,0,157500,0,4,1,1,-20867,-1266.0,1,0,1,0,2,0
5112833,1,0,1,1,90000,3,4,2,5,-13200,-1017.0,1,0,1,1,2,0
5024636,1,0,1,0,166500,3,4,1,1,-19922,-1128.0,1,0,0,0,2,0
5050549,0,0,0,2,225000,3,1,0,1,-16768,-3088.0,1,1,0,0,4,0
5065763,1,0,1,0,90000,3,4,3,1,-14746,-693.0,1,0,0,0,1,0
5089269,1,0,0,0,72000,3,4,3,1,-18799,-1466.0,1,1,0,0,1,0
5061207,0,1,1,14,225000,3,4,2,1,-17754,-1689.0,1,0,0,0,15,0
5028684,0,0,1,0,157500,3,4,1,1,-9582,-3003.0,1,0,0,1,2,0
5028737,0,0,1,0,360000,0,4,1,1,-12483,-4039.0,1,0,0,0,2,0
5113406,0,1,1,0,450000,0,1,3,1,-10837,-588.0,1,0,0,1,1,0
5025741,1,1,0,0,216000,3,1,1,2,-11974,-282.0,1,0,1,0,2,0
5045992,1,0,1,0,157500,0,4,1,1,-15256,-4491.0,1,0,0,0,2,0
5054453,0,1,1,0,315000,3,1,1,1,-17914,-1155.0,1,0,0,0,2,0
5024586,1,1,1,2,315000,2,4,1,1,-12348,-1220.0,1,0,0,0,4,0
5090701,1,0,0,0,594000,1,1,3,2,-17387,3682.375,1,0,0,0,1,0
5091929,1,1,0,0,135000,3,4,1,1,-18197,-657.0,1,0,0,0,2,0
5149034,1,0,1,0,180000,2,1,1,1,-17483,-1203.0,1,0,0,0,2,0
5114114,0,1,0,0,157500,3,4,2,1,-17054,-712.0,1,0,1,0,1,0
5142579,1,1,1,1,234000,3,4,3,1,-20668,-2844.0,1,0,0,0,2,0
5046035,1,1,1,0,99000,1,4,0,1,-21527,3682.375,1,0,0,0,2,0
5050756,0,1,0,0,225000,0,4,1,1,-18058,-4031.0,1,1,0,0,2,0
5047853,0,1,1,1,292500,0,1,1,1,-12569,-3322.0,1,0,0,0,3,0
5009790,1,0,0,0,198000,1,4,4,1,-22002,3682.375,1,0,1,0,1,0
5135819,1,0,1,0,90000,0,4,1,1,-19482,-2878.0,1,0,0,0,2,0
5092287,1,0,1,0,247500,1,1,1,1,-22107,3682.375,1,0,0,0,2,0
5105743,0,1,0,2,112500,3,1,1,1,-16040,-6693.0,1,1,1,0,4,0
5028280,1,0,0,1,157500,0,2,1,5,-11941,-2760.0,1,0,0,0,3,0
5095896,1,0,0,1,112500,0,1,1,1,-16018,-2532.0,1,1,1,0,3,0
5024352,0,1,1,0,585000,0,4,1,5,-16653,-1646.0,1,0,0,0,2,0
5100027,1,1,0,0,180000,3,4,1,1,-19317,-7288.625,1,0,0,0,2,0
5028337,1,1,0,1,225000,3,1,3,5,-13861,-5408.0,1,0,0,0,2,0
5090788,1,1,1,1,225000,0,4,2,1,-10909,-1374.0,1,0,0,0,2,0
5046126,1,0,1,0,135000,3,4,1,1,-20301,-3092.0,1,1,1,0,2,0
5092265,0,0,1,0,112500,3,4,0,1,-17837,-351.0,1,0,0,0,2,0
5143319,1,1,1,0,112500,1,4,1,1,-20838,3682.375,1,0,0,0,2,0
5114354,0,1,0,0,180000,0,4,1,2,-9810,-2993.0,1,1,0,0,2,0
5117248,1,0,1,2,112500,3,4,1,1,-12974,-2379.0,1,0,0,0,4,0
5024386,1,0,0,0,117000,3,4,1,2,-13494,-1281.0,1,0,0,0,2,0
5026178,0,1,1,0,135000,3,4,1,1,-19171,-7288.625,1,1,0,0,2,0
5033439,0,1,0,2,270000,3,1,1,1,-11723,-3002.0,1,0,1,0,4,0
5089320,1,1,0,0,135000,0,1,1,1,-11616,-825.0,1,1,1,1,2,0
5053872,0,1,1,1,157500,3,4,1,1,-11627,-2128.0,1,0,0,0,3,0
5091735,1,1,1,0,243000,3,4,3,1,-14716,-2057.0,1,0,0,0,1,0
5105791,0,0,0,0,121500,2,2,3,1,-8947,-1611.0,1,1,0,0,1,0
5125928,0,0,1,1,135000,3,4,1,1,-11729,-652.0,1,0,0,0,3,0
5115662,0,1,1,0,225000,0,1,3,1,-15994,-2537.0,1,0,1,0,1,0
5029256,0,1,1,2,225000,3,1,1,1,-13456,-992.0,1,0,0,0,4,0
5136029,0,1,0,0,112500,2,4,1,1,-19532,-2331.0,1,0,0,0,2,0
5037157,1,0,1,0,157500,1,4,1,1,-22861,3682.375,1,0,1,0,2,0
5046531,0,1,0,0,202500,1,1,1,1,-20195,3682.375,1,0,0,0,2,0
5023177,1,0,1,1,337500,3,4,0,1,-17738,-4710.0,1,1,1,0,3,0
5021967,1,0,0,1,103500,3,4,1,1,-11720,-1191.0,1,0,0,0,3,0
5135530,1,1,1,0,99000,1,4,1,1,-21014,3682.375,1,0,0,0,2,0
5146534,1,1,0,1,67500,2,4,1,1,-15151,-1162.0,1,0,0,0,3,0
5126101,1,0,1,0,112500,1,4,1,1,-21042,3682.375,1,0,1,0,2,0
5088161,1,0,1,0,270000,3,4,3,1,-12922,-923.0,1,0,0,0,1,0
5100394,0,0,1,1,315000,0,4,1,1,-12287,-3900.0,1,0,0,0,3,0
5079035,1,0,1,0,135000,1,3,1,1,-22569,3682.375,1,0,0,0,2,0
5095631,0,1,0,1,180000,3,1,1,1,-11178,-219.0,1,0,0,0,3,0
5113647,1,0,1,0,225000,3,2,1,1,-12262,-223.0,1,0,0,1,2,0
5046336,1,0,0,1,85500,3,4,0,1,-10217,-900.0,1,1,0,0,3,0
5028781,1,0,1,0,135000,3,4,1,1,-15836,-3034.0,1,0,0,0,2,0
5125730,1,1,1,1,119700,3,1,1,1,-13058,-3329.0,1,0,1,0,3,0
5023724,0,1,0,1,495000,3,4,1,1,-10261,-235.0,1,0,1,0,3,0
5116369,0,0,1,0,112500,3,4,1,1,-19511,-3503.0,1,0,0,0,2,0
5062214,1,0,1,2,153000,0,1,1,1,-13283,-1324.0,1,0,0,0,4,0
5009023,1,0,1,2,216000,2,1,1,1,-15444,-3112.0,1,0,0,1,4,0
5029191,1,0,1,0,202500,3,4,1,1,-16040,-2959.0,1,0,0,0,2,0
5028946,1,0,1,0,90000,2,4,1,1,-17420,-234.0,1,0,0,0,2,0
5068470,1,0,0,1,108000,0,4,1,1,-15150,-719.0,1,0,0,0,3,0
5045828,1,0,1,0,270000,1,1,1,1,-22340,3682.375,1,0,0,0,2,0
5095930,1,0,0,0,76500,1,4,1,1,-20592,3682.375,1,0,1,0,2,0
5090049,1,0,1,0,69372,3,4,1,1,-15887,-217.0,1,1,1,0,2,0
5067730,1,0,1,1,135000,0,2,1,1,-10288,-2616.0,1,1,1,0,3,0
5092239,1,0,0,0,117000,3,4,1,1,-20754,-2330.0,1,0,0,0,2,0
5105560,1,0,1,0,202500,0,4,0,1,-16817,-4410.0,1,0,0,1,2,0
5099914,1,0,1,2,126000,3,4,1,1,-10020,-1587.0,1,1,1,0,4,0
5053032,1,0,1,0,135000,1,4,1,1,-20755,3682.375,1,0,0,0,2,0
5150038,0,0,0,0,180000,3,4,3,5,-12784,-1537.0,1,0,0,0,1,0
5053678,1,1,1,0,225000,0,4,3,1,-12075,-1430.0,1,0,1,0,1,0
5087538,0,0,1,0,81000,0,1,3,1,-9874,-1928.0,1,0,1,0,1,0
5050440,1,1,1,1,157500,3,2,0,1,-13046,-2753.0,1,0,0,0,3,0
5096670,1,0,0,0,90000,1,4,4,1,-21440,3682.375,1,0,1,0,1,0
5061611,0,1,1,1,225000,3,4,1,1,-11378,-867.0,1,0,1,0,3,0
5065342,1,0,1,0,157500,1,4,1,1,-22481,3682.375,1,0,1,0,2,0
5041066,1,0,1,0,103500,3,4,3,1,-17461,-2134.0,1,0,0,0,1,0
5105819,0,1,0,2,202500,0,1,1,1,-11716,-460.0,1,0,0,0,4,0
5135460,1,0,1,3,37800,1,4,1,1,-13014,3682.375,1,0,0,0,5,0
5009319,1,1,0,0,135000,1,4,1,1,-20140,3682.375,1,0,1,1,2,0
5091006,1,0,1,0,157500,0,4,1,1,-17211,-3232.0,1,0,0,0,2,0
5050852,0,0,0,0,180000,0,1,3,1,-9488,-1505.0,1,0,0,0,1,0
5117202,1,0,1,0,135000,3,4,3,1,-13530,-95.0,1,0,0,0,1,0
5074739,0,0,1,1,225000,3,1,1,1,-13198,-3690.0,1,0,0,0,3,0
5009472,1,0,0,0,157500,3,4,1,1,-19702,-7288.625,1,1,1,0,2,0
5135378,1,0,1,0,387000,0,4,1,1,-20082,-4979.0,1,0,0,0,2,0
5135489,0,1,1,2,225000,3,4,1,1,-10380,-3396.0,1,0,0,0,4,0
5067016,0,0,1,0,225000,3,4,3,1,-9926,-461.0,1,0,0,0,1,0
5024097,1,1,0,0,126000,2,2,3,1,-11978,-5206.0,1,1,0,0,1,0
5008865,1,1,1,2,135000,3,4,1,1,-15761,-3173.0,1,0,0,0,4,0
5116640,1,0,1,1,202500,3,4,1,1,-15804,-732.0,1,0,0,1,3,0
5089770,0,1,1,2,225000,3,4,1,1,-10796,-2531.0,1,1,0,0,4,0
5009118,1,0,0,0,157500,0,1,2,5,-15737,-432.0,1,0,0,0,1,0
5042296,0,1,1,1,202500,3,4,1,1,-15207,-2102.0,1,1,1,0,3,0
5010185,0,0,0,1,247500,3,4,3,1,-16797,-6583.0,1,0,1,0,2,0
5090509,0,1,1,0,225000,0,1,1,1,-10791,-156.0,1,0,0,0,2,0
5113006,0,1,0,1,112500,3,4,1,1,-19584,-2199.0,1,0,0,0,3,0
5026368,0,0,1,1,112500,3,1,1,1,-13682,-5460.0,1,1,1,0,3,0
5095905,1,0,0,0,135000,2,4,3,1,-15429,-1589.0,1,0,0,0,1,0
5113440,1,0,1,0,207000,3,4,3,1,-18617,-2506.0,1,0,0,0,1,0
5069289,1,0,1,0,270000,0,2,1,1,-14783,-3397.0,1,0,0,0,2,0
5135938,1,1,0,2,315000,3,4,1,1,-15621,-3792.0,1,0,0,0,4,0
5118026,1,0,0,0,315000,0,4,1,1,-13630,-3230.0,1,0,1,0,2,0
5053524,1,0,1,0,112500,3,4,1,1,-14762,-2464.0,1,0,1,0,2,0
5010567,1,1,1,0,121500,3,1,1,1,-10145,-1682.0,1,0,0,1,2,0
5046003,1,0,1,1,225000,3,4,3,1,-15039,-3334.0,1,0,1,0,2,0
5118225,0,1,0,0,225000,3,4,0,3,-20858,-3110.0,1,0,0,0,2,0
5036187,1,1,1,1,157500,1,4,1,1,-20661,3682.375,1,0,1,0,3,0
5050635,1,0,0,0,225000,2,4,1,1,-13556,-2966.0,1,0,0,0,2,0
5067444,1,1,1,0,135000,1,4,1,1,-22880,3682.375,1,0,0,0,2,0
5088805,0,1,1,0,225000,2,4,1,1,-13718,-3694.0,1,1,1,0,2,0
5117331,1,1,1,0,270000,0,4,2,1,-15027,-2257.0,1,0,1,0,1,0
5045113,1,0,1,0,202500,1,4,4,1,-21126,3682.375,1,0,0,0,1,0
5067281,0,0,1,1,135000,3,4,0,1,-13233,-2728.0,1,0,0,0,3,0
5137385,1,0,0,0,112500,1,4,0,1,-23272,3682.375,1,0,1,0,2,0
5066832,1,1,1,0,157500,1,3,1,1,-21739,3682.375,1,0,0,0,2,0
5041520,0,1,1,0,450000,0,1,2,1,-16169,-855.0,1,1,1,0,1,0
5023092,1,0,0,0,202500,3,4,2,1,-16868,-4161.0,1,0,0,0,1,0
5079016,0,1,1,2,900000,0,1,1,1,-9889,-1000.0,1,0,0,0,4,0
5035682,1,1,1,0,135000,3,4,0,1,-16505,-7288.625,1,0,0,0,2,0
5139761,0,1,1,0,337500,3,1,1,1,-23711,-7288.625,1,0,0,0,2,0
5041681,1,0,0,0,94500,1,4,1,1,-16040,3682.375,1,0,1,0,2,0
5033906,0,1,1,0,90000,1,4,1,1,-18351,3682.375,1,0,0,0,2,0
5029251,0,0,1,0,157500,3,1,1,1,-14023,-4280.0,1,1,0,0,2,0
5091824,0,0,1,0,270000,0,4,3,1,-14638,-5891.0,1,0,0,0,1,0
5132569,1,0,1,1,112500,0,4,0,1,-14934,-1350.0,1,0,1,0,3,0
5021490,0,0,1,0,135000,3,4,3,1,-10682,-609.0,1,0,1,0,1,0
5035859,1,0,1,0,270000,0,4,3,1,-21185,-2381.0,1,0,0,0,1,0
5022025,0,1,1,0,112500,3,4,3,1,-9952,-1613.0,1,0,0,0,1,0
5116613,0,0,1,0,225000,0,4,1,1,-11808,-3533.0,1,0,0,0,2,0
5115884,1,0,1,0,54000,1,1,1,1,-24507,3682.375,1,0,0,0,2,0
5010303,1,0,1,0,189000,0,4,1,1,-20233,-6218.0,1,1,1,0,2,0
5142496,1,1,1,1,135000,0,1,1,1,-15481,-2874.0,1,0,0,0,3,0
5046398,1,0,1,0,157500,1,4,3,1,-24216,3682.375,1,0,0,0,1,0
5125585,1,0,1,0,121500,1,4,1,1,-22571,3682.375,1,0,1,0,2,0
5113302,0,0,1,1,180000,3,1,1,5,-15670,-1654.0,1,0,0,0,3,0
5139321,1,0,1,0,121500,1,1,4,1,-24231,3682.375,1,0,0,0,1,0
5053918,1,1,0,0,225000,3,1,0,1,-14438,-2433.0,1,0,0,0,2,0
5067102,1,0,0,0,180000,0,4,3,2,-16761,-4534.0,1,0,0,0,1,0
5022118,0,0,1,0,315000,3,4,1,1,-19686,-1131.0,1,0,0,0,2,0
5022954,0,1,1,0,112500,3,4,1,1,-18293,-521.0,1,1,0,0,2,0
5047667,1,0,0,0,90000,0,4,1,1,-8710,-522.0,1,0,0,0,2,0
5091718,1,1,1,0,90000,0,4,1,1,-14116,-2269.0,1,0,0,0,2,0
5009586,1,0,0,0,45000,3,4,2,1,-14374,-798.0,1,0,1,0,1,0
5097170,0,1,1,0,180000,2,4,1,1,-9570,-2620.0,1,0,0,0,2,0
5022015,0,1,1,0,112500,3,4,3,1,-9952,-1613.0,1,0,0,0,1,0
5062594,0,1,1,1,135000,2,1,1,1,-8972,-145.0,1,0,0,1,3,0
5028726,0,0,1,0,360000,0,4,1,1,-12483,-4039.0,1,0,0,0,2,0
5033831,0,1,1,0,135000,3,1,0,1,-19322,-663.0,1,1,1,0,2,0
5046086,1,1,1,0,99000,3,4,1,1,-21030,-2299.0,1,0,0,0,2,0
5135946,0,0,1,0,270000,3,1,3,1,-15222,-3153.0,1,0,1,0,1,0
5149592,1,0,1,0,157500,3,1,1,1,-12289,-1812.0,1,0,1,0,2,0
5024103,0,0,1,0,166500,3,4,1,1,-20185,-2589.0,1,0,0,0,2,0
5009845,0,1,0,0,180000,3,4,1,1,-15901,-130.0,1,1,0,0,2,0
5117716,0,1,0,0,315000,3,4,1,1,-16675,-5056.0,1,1,1,0,2,0
5096169,1,0,0,0,112500,0,4,1,1,-19601,-796.0,1,0,0,0,2,0
5139823,0,0,1,0,108000,3,4,1,1,-15997,-7288.625,1,1,1,0,2,0
5067542,1,0,1,0,180000,0,4,1,1,-21180,-2728.0,1,0,0,0,2,0
5090871,1,0,0,2,225000,3,4,1,1,-14172,-1130.0,1,0,0,0,4,0
5033729,0,1,1,0,90000,3,4,1,1,-12019,-5436.0,1,1,1,0,2,0
5037212,0,1,1,0,292500,2,1,1,1,-12678,-2368.0,1,0,0,0,2,0
5116319,1,0,1,2,157500,3,4,1,1,-14212,-1889.0,1,0,0,0,4,0
5146318,1,0,1,0,135000,3,4,2,1,-14760,-1315.0,1,0,0,0,1,0
5042082,1,1,0,0,315000,0,1,1,1,-19495,-1678.0,1,0,1,0,2,0
5091416,1,0,1,0,225000,3,1,1,1,-16202,-2939.0,1,1,1,0,2,0
5041675,1,1,1,1,333000,0,1,1,1,-11525,-1616.0,1,0,0,0,3,0
5048425,1,0,1,0,171000,3,4,3,1,-19881,-7288.625,1,0,1,0,1,0
5145965,1,0,0,2,130500,3,4,1,1,-15436,-3476.0,1,0,0,0,4,0
5126543,1,1,0,0,112500,3,4,1,1,-10238,-3453.0,1,0,0,0,2,0
5033881,0,1,0,1,202500,0,2,1,1,-10780,-3769.0,1,0,0,0,3,0
5068378,1,0,1,1,126000,3,1,1,1,-12662,-1359.0,1,1,1,1,3,0
5029194,0,1,1,0,225000,3,4,1,1,-19293,-2990.0,1,0,0,0,2,0
5010025,1,0,1,0,135000,3,4,1,1,-20782,-2321.0,1,0,0,0,2,0
5091016,1,0,1,1,112500,3,4,1,1,-14284,-4267.0,1,0,0,0,3,0
5149744,1,0,1,1,105750,3,4,1,5,-12753,-1386.0,1,0,0,0,3,0
5117561,1,0,0,0,135000,3,4,1,1,-16040,-645.0,1,1,0,0,2,0
5089760,0,1,1,0,180000,2,1,3,1,-8190,-886.0,1,0,0,1,1,0
5053642,0,0,0,0,360000,0,1,1,1,-20354,-1823.0,1,0,1,0,2,0
5089934,0,1,0,0,157500,0,4,1,1,-19170,-4965.0,1,0,0,0,2,0
5143465,1,0,1,0,90000,1,4,3,1,-23262,3682.375,1,0,1,0,1,0
5125127,1,0,1,0,112500,3,4,3,1,-16098,-1868.0,1,1,1,0,1,0
5113163,1,1,1,1,180000,3,4,1,1,-12579,-3716.0,1,1,1,0,3,0
5116883,0,1,1,0,225000,3,4,1,1,-17779,-1344.0,1,1,0,0,2,0
5037008,1,0,1,0,67500,1,4,3,1,-20456,3682.375,1,0,1,0,1,0
5090126,0,1,1,0,270000,3,4,3,1,-13805,-1557.0,1,0,0,0,1,0
5036648,1,0,0,0,202500,0,1,1,1,-11328,-3761.0,1,0,0,0,2,0
5090335,1,1,1,0,144000,0,4,0,1,-13095,-3716.0,1,1,1,0,2,0
5053182,0,1,1,0,207000,1,1,1,1,-24312,3682.375,1,0,0,0,2,0
5114342,0,1,0,0,180000,0,4,1,2,-9810,-2993.0,1,1,0,0,2,0
5024163,0,1,1,3,202500,3,4,1,1,-13350,-1981.0,1,0,0,0,5,0
5115633,0,0,0,0,202500,3,4,0,1,-22800,-102.0,1,0,0,0,2,0
5126311,0,0,0,0,180000,3,2,0,5,-7705,-288.0,1,1,0,1,2,0
5135779,1,0,1,0,126000,3,4,1,1,-23844,-2147.0,1,0,1,0,2,0
5054697,0,1,1,0,157500,3,1,1,1,-16553,-6908.0,1,0,0,0,2,0
5116343,0,1,1,1,225000,2,4,1,1,-11695,-3929.0,1,1,0,0,3,0
5022800,1,1,1,0,202500,3,1,4,1,-11998,-1497.0,1,0,0,0,1,0
5054348,1,0,0,0,103500,3,4,3,1,-12348,-424.0,1,1,1,0,1,0
5099980,0,0,1,0,90000,3,4,2,1,-15059,-1069.0,1,0,0,0,1,0
5087829,0,0,1,0,135000,2,4,1,4,-10448,-2323.0,1,1,0,1,2,0
5051050,0,1,0,0,67500,3,4,1,1,-22407,-2174.0,1,0,0,0,2,0
5148872,1,0,1,0,135000,2,2,1,1,-15371,-3332.0,1,0,0,0,2,0
5117323,1,0,1,1,382500,2,1,3,5,-12116,-553.0,1,0,0,0,2,0
5088101,1,1,1,0,270000,3,4,2,1,-16971,-375.0,1,0,0,0,1,0
5023587,0,0,0,0,202500,3,4,2,1,-14364,-6352.0,1,0,0,0,1,0
5028547,0,1,0,1,292500,3,4,2,1,-12692,-1056.0,1,0,1,0,2,0
5053636,1,0,0,0,225000,1,1,2,1,-21944,3682.375,1,0,0,0,1,0
5149402,1,0,0,1,135000,0,4,1,5,-13689,-1172.0,1,0,0,0,3,0
5095554,1,0,0,0,76500,1,4,1,1,-23235,3682.375,1,0,1,0,2,0
5067090,0,0,0,0,180000,3,4,1,1,-13643,-4663.0,1,0,1,0,2,0
5010865,0,1,1,1,450000,0,4,1,1,-18173,-678.0,1,0,1,1,3,0
5041147,1,0,1,0,90000,1,4,0,1,-23236,3682.375,1,0,0,0,2,0
5105555,1,0,1,0,157500,3,4,1,1,-19802,-4532.0,1,0,0,0,2,0
5136976,1,0,0,0,306000,2,1,1,1,-12677,-5587.0,1,0,0,0,2,0
5058366,1,0,0,0,90000,1,4,3,2,-20125,3682.375,1,0,0,0,1,0
5066458,1,1,1,0,135000,3,4,2,1,-16040,-1406.0,1,0,0,0,1,0
5045844,1,1,0,0,193500,3,4,1,1,-20836,-7288.625,1,0,0,0,2,0
5115814,0,0,1,3,180000,3,4,1,1,-14336,-6860.0,1,0,0,0,5,0
5062362,1,0,1,0,270000,1,1,1,1,-20814,3682.375,1,0,0,0,2,0
5010596,1,0,1,0,112500,1,4,1,1,-22927,3682.375,1,0,0,0,2,0
5113472,0,0,1,0,202500,3,4,1,1,-19200,-346.0,1,0,1,0,2,0
5041535,1,0,1,0,180000,0,4,4,1,-19819,-1463.0,1,0,1,0,1,0
5066617,1,0,1,0,139500,3,4,1,1,-18730,-157.0,1,0,0,1,2,0
5126751,0,1,0,2,135000,3,4,1,5,-16625,-561.0,1,0,0,0,4,0
5009908,0,1,0,0,202500,3,4,1,1,-19120,-3661.0,1,0,0,0,2,0
5068337,1,1,1,0,112500,3,1,1,1,-10101,-505.0,1,1,1,0,2,0
5105535,0,1,1,0,126000,1,4,2,1,-20309,3682.375,1,0,1,0,1,0
5061724,1,0,1,0,193500,1,2,4,1,-24295,3682.375,1,0,0,0,1,0
5028919,1,1,1,0,112500,3,4,1,1,-17202,-1787.0,1,0,0,0,2,0
5035627,0,1,1,0,337500,3,1,1,1,-18110,-6764.0,1,0,0,0,2,0
5074705,1,0,1,0,157500,3,1,3,1,-22235,-7288.625,1,0,0,0,1,0
5114061,0,1,0,1,193500,3,1,1,1,-17932,-3999.0,1,1,1,0,3,0
5100373,1,0,1,2,180000,0,4,1,1,-12848,-3960.0,1,0,0,0,4,0
5112765,1,1,0,1,315000,0,1,1,1,-11025,-2065.0,1,1,1,1,3,0
5045439,0,1,1,0,180000,1,1,1,1,-23546,3682.375,1,0,0,0,2,0
5113922,1,0,0,0,90000,1,4,3,2,-23478,3682.375,1,0,0,0,1,0
5037125,0,1,0,0,180000,3,1,1,5,-11664,-2227.0,1,0,1,0,2,0
5029538,1,0,1,0,112500,3,1,0,1,-12783,-1205.0,1,0,0,0,2,0
5010078,0,1,0,2,157500,3,4,1,2,-12518,-1135.0,1,0,0,0,4,0
5085861,1,0,1,0,135000,3,4,1,1,-18199,-5190.0,1,0,0,0,2,0
5009146,0,1,0,0,315000,3,1,1,1,-15825,-3720.0,1,1,1,0,2,0
5149433,1,1,1,0,112500,3,4,4,1,-19584,-2633.0,1,0,0,0,1,0
5061753,1,0,1,0,135000,1,4,1,1,-23035,3682.375,1,0,1,0,2,0
5143009,0,1,0,1,99000,1,4,1,1,-18692,3682.375,1,0,1,0,3,0
5079017,0,1,1,2,900000,0,1,1,1,-9889,-1000.0,1,0,0,0,4,0
5096318,0,1,0,0,270000,0,1,3,1,-9517,-158.0,1,0,0,0,1,0
5038615,1,0,0,1,112500,0,1,1,5,-12331,-3272.0,1,0,0,0,3,0
5047670,1,0,0,1,180000,2,1,1,1,-14069,-2500.0,1,1,1,1,3,0
5044987,1,0,1,0,141750,1,1,1,1,-20345,3682.375,1,0,1,0,2,0
5036828,1,0,1,0,180000,3,1,1,1,-19207,-4327.0,1,0,0,0,2,0
5139892,1,0,1,0,112500,2,4,0,1,-18484,-6033.0,1,0,1,0,2,0
5135446,1,0,1,1,225000,3,4,1,5,-10035,-170.0,1,0,0,0,3,0
5095586,1,0,0,0,270000,3,2,0,1,-8784,-278.0,1,1,0,1,2,0
5068963,0,1,0,0,202500,3,1,1,1,-15181,-3062.0,1,0,0,0,2,0
5022047,0,1,1,0,135000,3,4,1,3,-14917,-7288.625,1,1,1,0,2,0
5048121,0,1,1,2,292500,0,4,1,1,-12091,-2653.0,1,0,1,0,4,0
5117219,1,0,1,0,202500,3,4,0,1,-11107,-1953.0,1,0,0,0,2,0
5009821,1,1,0,0,99000,3,4,1,1,-14883,-5457.0,1,0,1,0,2,0
5033500,0,0,1,0,202500,0,4,1,1,-17578,-1997.0,1,0,0,0,2,0
5058281,1,0,1,0,306000,0,1,1,1,-14897,-3435.0,1,1,1,1,2,0
5054373,1,0,0,0,148500,1,4,4,1,-20723,3682.375,1,0,1,0,1,0
5142988,1,0,0,1,135000,3,1,1,1,-10567,-1504.0,1,1,0,0,3,0
5137229,0,1,0,0,180000,0,4,1,2,-14084,-2696.0,1,1,0,0,2,0
5113373,1,0,1,1,180000,1,1,1,1,-18979,3682.375,1,0,1,0,3,0
5053152,1,0,1,0,157500,1,4,4,1,-23774,3682.375,1,0,0,0,1,0
5090386,1,0,1,0,247500,0,1,3,1,-21537,-7288.625,1,0,0,0,1,0
5142899,1,0,0,0,112500,0,1,3,5,-9052,-227.0,1,0,0,0,1,0
5113510,0,1,1,0,180000,3,4,1,1,-17176,-132.0,1,0,0,0,2,0
5091457,1,0,1,2,103500,3,4,1,1,-16040,-6621.0,1,1,1,0,4,0
5009791,1,0,0,0,198000,1,4,4,1,-22002,3682.375,1,0,1,0,1,0
5149484,1,1,1,1,135000,0,1,1,1,-11278,-2481.0,1,0,0,0,3,0
5092221,0,0,0,0,67500,2,4,1,1,-11654,-2818.0,1,0,0,0,2,0
5067003,0,1,1,0,202500,3,4,1,1,-18752,-7288.625,1,0,1,0,2,0
5023838,1,1,0,0,315000,0,4,0,1,-19801,-1077.0,1,0,1,0,2,0
5095433,1,0,1,0,292500,3,1,1,1,-18764,-7288.625,1,0,0,0,2,0
5033797,1,1,1,0,148500,0,4,1,3,-17107,-2277.0,1,0,0,0,2,0
5022803,1,1,1,0,202500,3,1,4,1,-11998,-1497.0,1,0,0,0,1,0
5104953,0,1,1,0,180000,3,4,1,1,-21684,-2422.0,1,0,0,0,2,0
5100098,1,0,1,0,90000,3,4,1,1,-10851,-826.0,1,0,0,0,2,0
5091792,0,1,1,1,135000,3,4,1,1,-15216,-2969.0,1,1,0,0,3,0
5149805,1,0,1,0,135000,2,2,3,5,-9873,-2086.0,1,0,1,1,1,0
5089681,1,0,0,0,261000,0,2,1,1,-10028,-1070.0,1,1,0,0,2,0
5052678,1,0,1,1,135000,3,1,1,1,-15624,-7288.625,1,1,1,0,3,0
5116809,1,0,1,0,112500,3,4,1,1,-18365,-701.0,1,0,0,0,2,0
5143353,0,1,0,0,135000,3,4,1,1,-10578,-1384.0,1,1,0,0,2,0
5090232,1,0,1,0,135000,3,4,4,1,-21977,-7288.625,1,0,0,0,1,0
5117095,0,1,1,0,360000,1,4,1,1,-14010,3682.375,1,0,0,0,2,0
5088987,1,0,0,2,171000,3,4,1,1,-14622,-1160.0,1,1,1,0,4,0
5021584,1,0,0,1,40500,2,4,1,4,-13052,-1952.0,1,0,0,0,3,0
5009291,1,0,0,0,130500,3,4,0,1,-15140,-4816.0,1,0,1,0,2,0
5051007,1,0,0,0,306000,0,1,1,1,-10707,-1354.0,1,0,0,0,2,0
5024263,1,1,0,0,202500,0,4,1,2,-21276,-1128.0,1,0,1,0,2,0
5125771,1,0,1,0,112500,3,4,1,1,-23360,-469.0,1,0,0,0,2,0
5021879,0,1,0,2,112500,3,4,1,1,-13095,-217.0,1,0,1,0,4,0
5137247,1,0,0,0,90000,3,4,1,1,-17355,-3273.0,1,1,1,0,2,0
5096336,1,1,0,0,153000,1,4,4,1,-23679,3682.375,1,0,1,0,1,0
5061762,1,1,0,1,135000,3,1,1,4,-11262,-563.0,1,0,0,1,3,0
5069117,1,0,1,0,180000,1,4,3,1,-20577,3682.375,1,0,0,0,1,0
5009579,1,0,0,0,112500,1,4,1,1,-21316,3682.375,1,0,0,0,2,0
5048319,1,0,0,0,90000,3,1,2,1,-21887,-1526.0,1,0,0,0,1,0
5023389,0,1,1,2,157500,0,1,1,1,-13536,-2092.0,1,0,0,0,4,0
5143457,0,1,1,0,247500,2,4,0,1,-11912,-1749.0,1,0,0,0,2,0
5089225,0,0,0,0,112500,1,4,1,1,-23027,3682.375,1,0,1,0,2,0
5069257,1,1,1,1,67500,3,4,1,1,-12821,-931.0,1,0,1,1,3,0
5044939,0,0,1,2,360000,2,1,1,1,-16027,-5639.0,1,0,1,0,4,0
5022730,0,1,0,3,360000,0,4,1,1,-15262,-1674.0,1,0,0,0,5,0
5149413,1,0,1,2,315000,0,1,1,1,-10937,-168.0,1,0,1,0,4,0
5062745,1,0,1,0,157500,3,4,1,1,-15035,-1128.0,1,0,1,0,2,0
5105565,0,0,1,0,135000,1,4,0,1,-23094,3682.375,1,0,1,0,2,0
5114544,1,0,1,0,166500,3,2,1,1,-10794,-4029.0,1,0,0,1,2,0
5100352,0,0,0,0,180000,3,4,1,1,-16040,-4967.0,1,1,1,0,2,0
5078841,0,0,1,0,225000,3,4,1,1,-20298,-3282.0,1,0,0,0,2,0
5117392,1,0,0,0,135000,0,2,3,1,-17615,-339.0,1,0,0,0,1,0
5022189,1,0,0,1,135000,0,4,2,1,-15170,-7288.625,1,0,0,0,2,0
5105422,1,0,1,0,193500,3,4,3,1,-18449,-7288.625,1,0,0,0,1,0
5143453,0,1,1,0,247500,2,4,0,1,-11912,-1749.0,1,0,0,0,2,0
5067832,1,1,1,0,315000,3,1,1,1,-21377,-577.0,1,0,0,1,2,0
5090995,0,1,1,0,405000,3,1,1,1,-10323,-2622.0,1,1,1,1,2,0
5089512,1,1,0,1,405000,3,4,1,4,-13810,-1678.0,1,1,1,1,3,0
5116373,1,0,0,1,90000,3,4,1,5,-10092,-976.0,1,0,0,0,3,0
5149106,0,0,1,2,270000,3,4,1,1,-12488,-3608.0,1,0,0,0,4,0
5091737,1,1,1,0,243000,3,4,3,1,-14716,-2057.0,1,0,0,0,1,0
5052620,0,1,1,1,180000,0,4,1,1,-15988,-1994.0,1,0,1,0,3,0
5087819,0,0,1,2,112500,3,4,1,1,-15788,-1563.0,1,0,0,0,4,0
5139757,0,1,1,0,337500,3,1,1,1,-23711,-7288.625,1,0,0,0,2,0
5113639,1,0,0,0,135000,1,1,1,2,-19700,3682.375,1,0,0,0,2,0
5052811,1,0,1,0,117000,3,4,1,1,-17189,-4523.0,1,0,0,0,2,0
5095751,1,0,0,0,202500,3,4,1,5,-12869,-340.0,1,1,1,0,2,0
5096785,1,1,1,0,270000,1,4,1,1,-24194,3682.375,1,0,0,0,2,0
5062286,0,0,1,0,202500,0,4,1,1,-8353,-1081.0,1,1,0,1,2,0
5090805,1,0,0,0,135000,3,4,3,1,-16814,-6614.0,1,0,0,0,1,0
5079075,1,0,1,0,216000,3,4,1,1,-15569,-1639.0,1,1,0,0,2,0
5146447,1,0,1,0,135000,3,4,4,1,-14394,-919.0,1,0,1,0,1,0
5051008,1,0,0,1,225000,0,4,1,1,-10448,-3392.0,1,1,1,1,3,0
5100106,0,1,0,0,81000,3,4,1,1,-17660,-3261.0,1,1,1,0,2,0
5094896,0,1,1,1,180000,3,4,0,1,-14136,-3928.0,1,0,0,0,3,0
5050894,0,1,0,0,292500,1,4,1,1,-18875,3682.375,1,0,0,0,2,0
5054414,0,0,0,0,225000,0,1,1,5,-13021,-5082.0,1,1,0,0,2,0
5025791,1,0,1,0,157500,3,4,1,1,-18506,-3630.0,1,0,0,0,2,0
5067949,1,0,1,0,157500,0,4,3,1,-18133,-3591.0,1,0,1,1,1,0
5142482,0,1,0,2,166500,0,1,1,1,-12312,-1199.0,1,0,0,0,4,0
5041271,0,0,1,0,445500,0,1,2,1,-19298,-2469.0,1,0,0,0,1,0
5115957,1,1,1,0,180000,3,4,4,1,-15494,-4304.0,1,0,0,0,1,0
5010881,1,0,1,0,45000,1,4,1,1,-20688,3682.375,1,0,1,0,2,0
5029423,1,0,1,1,315000,2,4,0,1,-11206,-2514.0,1,0,0,1,3,0
5105159,0,0,1,2,450000,0,1,1,1,-12238,-2187.0,1,1,1,0,4,0
5029610,1,1,1,0,180000,0,1,3,1,-15161,-7140.0,1,0,0,0,1,0
5117450,1,0,0,2,90000,3,4,1,1,-11863,-96.0,1,1,0,0,4,0
5143620,1,0,1,0,166500,1,4,1,1,-23208,3682.375,1,0,1,0,2,0
5023949,0,1,1,1,148500,3,4,1,1,-14962,-5176.0,1,0,0,0,3,0
5089737,1,1,0,0,135000,3,4,1,1,-19010,-6761.0,1,1,1,0,2,0
5143402,0,1,1,0,144000,0,1,1,1,-19270,-2356.0,1,0,1,0,2,0
5041921,0,0,0,0,135000,1,4,1,1,-16040,3682.375,1,0,1,0,2,0
5136909,0,0,0,1,360000,3,4,1,1,-15244,-2908.0,1,1,0,1,3,0
5143596,1,0,0,0,90000,3,4,0,1,-11639,-3333.0,1,1,0,0,2,0
5095939,0,0,0,0,157500,3,4,1,1,-17340,-3596.0,1,0,1,0,2,0
5113343,0,0,1,2,135000,3,4,1,1,-11462,-4606.0,1,0,0,0,4,0
5142920,1,0,0,1,292500,3,2,1,1,-12454,-4030.0,1,1,1,0,3,0
5114294,1,0,0,0,112500,2,4,4,1,-19295,-5246.0,1,1,0,0,1,0
5088055,1,0,1,0,216000,3,4,3,1,-17937,-3054.0,1,0,0,0,1,0
5142815,0,1,0,0,126000,0,2,1,1,-10359,-2906.0,1,0,1,0,2,0
5054460,0,1,0,1,135000,3,4,1,1,-18934,-1915.0,1,0,1,0,3,0
5113134,1,0,1,0,189000,1,2,4,1,-21845,3682.375,1,0,0,0,1,0
5069380,0,0,1,0,337500,3,4,3,1,-16717,-1267.0,1,0,0,0,1,0
5065798,1,0,1,0,44550,1,4,1,1,-22911,3682.375,1,0,0,0,2,0
5036396,1,1,1,0,112500,3,4,0,1,-13686,-1256.0,1,0,0,0,2,0
5148535,1,0,1,1,157500,3,4,1,1,-10473,-1721.0,1,0,1,0,3,0
5105436,0,0,1,2,112500,3,4,0,1,-14358,-2317.0,1,0,0,0,4,0
5105412,1,0,1,2,135000,3,4,1,1,-12760,-1518.0,1,0,0,0,4,0
5026177,0,1,1,0,135000,3,4,1,1,-19171,-7288.625,1,1,0,0,2,0
5142584,0,1,1,0,301500,3,4,1,4,-9009,-864.0,1,0,0,0,2,0
5054297,1,1,0,0,112500,3,4,1,1,-14060,-7288.625,1,1,0,0,2,0
5118108,0,1,0,0,90000,3,4,3,1,-8304,-1101.0,1,1,0,0,1,0
5054106,1,0,0,0,67500,1,4,2,1,-21516,3682.375,1,0,0,0,1,0
5010683,0,1,1,0,292500,3,1,1,1,-10297,-2231.0,1,0,0,0,2,0
5045850,1,1,1,2,315000,0,1,1,5,-12621,-1327.0,1,0,0,0,4,0
5058371,1,0,1,0,117000,3,4,1,1,-17468,-355.0,1,1,1,0,2,0
5068147,1,0,1,0,157500,1,4,3,1,-20441,3682.375,1,0,0,0,1,0
5137187,1,1,0,0,67500,3,4,1,1,-11405,-1934.0,1,1,0,0,2,0
5139859,0,1,1,0,189000,1,4,2,1,-20011,3682.375,1,0,0,0,1,0
5095873,1,0,0,0,202500,3,1,0,1,-15309,-5179.0,1,1,1,0,2,0
5126809,0,0,1,1,157500,0,4,1,1,-10676,-2326.0,1,0,1,1,3,0
5096604,1,1,0,1,225000,3,1,0,1,-13528,-980.0,1,1,1,0,3,0
5036765,1,0,0,1,112500,3,4,1,1,-12834,-1224.0,1,0,0,1,3,0
5091880,1,1,1,0,202500,0,4,1,1,-18463,-7048.0,1,0,0,0,2,0
5090082,0,0,0,0,180000,0,4,1,1,-15051,-1678.0,1,0,0,0,2,0
5061481,1,0,1,1,225000,0,1,1,1,-9615,-2266.0,1,0,0,1,3,0
5125235,1,0,1,2,157500,0,1,1,1,-13766,-73.0,1,0,0,0,4,0
5089474,0,0,0,0,180000,3,1,1,1,-14344,-3443.0,1,0,0,0,2,0
5126021,1,0,0,1,112500,3,4,0,1,-14788,-2661.0,1,1,1,0,3,0
5114630,1,0,1,0,81000,3,4,1,1,-19738,-286.0,1,1,0,0,2,0
5010225,1,1,1,1,90000,2,4,1,1,-17532,-7288.625,1,0,0,0,3,0
5118526,1,0,1,0,180000,0,1,1,1,-22190,-523.0,1,0,0,0,2,0
5061340,1,0,1,0,94500,1,4,4,1,-24302,3682.375,1,0,0,0,1,0
5118527,1,0,1,0,180000,0,1,1,1,-22190,-523.0,1,0,0,0,2,0
5090186,0,1,1,0,450000,1,1,1,1,-23451,3682.375,1,0,0,0,2,0
5089596,0,1,0,0,315000,0,4,0,1,-14011,-978.0,1,0,0,0,2,0
5066865,1,0,1,2,54000,3,4,1,1,-9905,-795.0,1,0,0,0,4,0
5061832,1,0,1,0,112500,1,4,1,1,-22616,3682.375,1,0,0,0,2,0
5009941,1,0,1,2,157500,3,4,1,1,-10710,-2351.0,1,0,0,0,4,0
5052731,1,0,1,0,180000,0,4,0,1,-13812,-1114.0,1,0,0,0,2,0
5137175,1,0,0,0,225000,3,4,1,1,-20142,-3760.0,1,1,1,0,2,0
5045614,0,1,1,1,360000,3,1,1,1,-15556,-1327.0,1,0,0,0,3,0
5067926,1,0,1,0,112500,1,4,4,1,-22743,3682.375,1,0,0,0,1,0
5047870,0,1,1,1,292500,0,1,1,1,-12569,-3322.0,1,0,0,0,3,0
5025161,0,0,0,0,360000,3,4,0,1,-12523,-5145.0,1,0,0,0,2,0
5145694,0,1,1,0,225000,3,1,3,5,-9444,-663.0,1,1,1,0,1,0
5113455,1,0,1,1,126000,0,4,1,1,-18140,-4119.0,1,0,0,0,3,0
5150164,1,0,0,0,135000,1,4,4,2,-23643,3682.375,1,0,1,0,1,0
5126321,1,0,0,0,270000,3,4,1,1,-17778,-1719.0,1,1,1,0,2,0
5088450,1,0,1,0,157500,2,4,4,1,-22887,-2052.0,1,0,1,0,1,0
5068631,1,1,1,0,216000,3,4,1,1,-21216,-3641.0,1,0,0,0,2,0
5021693,0,1,1,2,337500,3,2,1,1,-12418,-1678.0,1,0,1,0,4,0
5111172,0,1,1,0,225000,3,1,1,4,-10602,-481.0,1,0,0,0,2,0
5029184,1,0,1,1,108000,3,4,1,1,-15973,-4603.0,1,0,0,0,3,0
5069051,0,1,0,0,225000,0,4,1,1,-17762,-2484.0,1,0,0,0,2,0
5046379,1,0,0,0,180000,3,2,1,1,-19558,-1904.0,1,0,0,0,2,0
5118477,1,0,1,0,180000,3,4,1,1,-17386,-888.0,1,0,0,0,2,0
5106118,1,1,1,1,135000,3,1,1,1,-13467,-393.0,1,0,0,0,3,0
5024148,1,1,0,0,180000,3,1,1,5,-11380,-1007.0,1,1,1,0,2,0
5112966,1,0,0,0,112500,3,4,1,1,-18805,-7288.625,1,0,1,0,2,0
5089240,1,0,0,0,270000,2,4,2,1,-19363,-7288.625,1,0,1,1,1,0
5067262,1,1,1,0,270000,3,4,1,1,-19982,-1724.0,1,0,1,0,2,0
5045255,1,0,1,1,270000,3,4,1,1,-20854,-3689.0,1,0,0,0,3,0
5044478,1,0,0,0,135000,3,4,1,1,-16040,-2228.0,1,0,0,0,2,0
5136020,0,1,0,1,351000,0,4,1,1,-16143,-7288.625,1,0,0,0,3,0
5033418,0,1,0,0,202500,0,4,1,1,-10756,-2180.0,1,0,1,0,2,0
5021737,1,0,1,0,189000,1,4,4,1,-20858,3682.375,1,0,0,0,1,0
5023231,0,1,1,0,270000,3,4,2,1,-17376,-1362.0,1,0,0,0,1,0
5029225,1,1,1,0,144000,1,4,0,1,-21406,3682.375,1,0,1,0,2,0
5028909,1,0,0,0,67500,3,4,1,1,-9963,-1876.0,1,0,0,0,2,0
5090793,1,0,1,0,247500,3,1,1,1,-14020,-3503.0,1,0,1,0,2,0
5126517,0,1,0,0,157500,3,1,1,1,-20516,-2265.0,1,0,1,0,2,0
5146114,1,0,1,0,157500,2,1,2,1,-20763,-7288.625,1,0,1,0,1,0
5146034,0,0,1,0,157500,3,4,3,1,-17111,-4146.0,1,0,0,0,1,0
5142972,0,0,0,1,180000,3,4,3,1,-10656,-926.0,1,1,1,0,3,0
5028569,1,1,1,0,315000,0,4,1,1,-15653,-5500.0,1,0,0,1,2,0
5114032,1,0,0,0,99000,3,1,1,1,-14661,-5521.0,1,0,0,0,2,0
5085826,1,0,0,0,351000,0,1,1,1,-21574,-1081.0,1,0,1,0,2,0
5053089,1,0,0,0,175500,3,4,3,1,-18643,-658.0,1,0,0,0,1,0
5117753,0,1,0,0,306000,3,4,1,1,-16011,-1649.0,1,0,0,0,2,0
5126826,1,0,0,1,157500,3,4,0,5,-11680,-3695.0,1,0,0,0,3,0
5018505,1,0,0,0,58500,1,4,1,1,-20970,3682.375,1,0,0,0,2,0
5067893,0,1,1,0,292500,3,4,1,4,-17011,-901.0,1,0,0,0,2,0
5048305,1,0,0,0,166500,3,1,2,1,-21887,-1526.0,1,0,0,0,1,0
5135531,0,1,1,0,225000,3,4,2,1,-13867,-1751.0,1,0,0,0,1,0
5067019,1,1,1,1,247500,3,4,0,1,-17152,-1253.0,1,0,0,1,3,0
5115671,0,1,1,1,189000,3,1,1,1,-13317,-3663.0,1,0,0,0,3,0
5136985,0,1,0,0,247500,3,4,3,1,-12340,-3334.0,1,1,0,0,1,0
5126687,1,0,1,0,90000,3,4,1,1,-19899,-3149.0,1,1,0,0,2,0
5058509,1,0,1,0,148500,1,4,1,1,-22774,3682.375,1,0,0,0,2,0
5045513,0,1,0,1,180000,3,4,1,1,-11498,-4491.0,1,0,0,0,3,0
5021730,1,1,1,1,180000,0,4,1,1,-16971,-1375.0,1,0,0,1,3,0
5048542,1,0,1,0,121900,1,4,1,1,-15946,3682.375,1,0,0,0,2,0
5096342,1,0,0,0,112500,3,4,1,2,-11688,-1162.0,1,1,0,0,2,0
5021293,1,1,1,1,180000,0,1,1,1,-11901,-183.0,1,0,0,1,3,0
5143079,1,1,0,0,225000,0,4,1,1,-13926,-500.0,1,0,0,0,2,0
5116478,0,1,1,2,450000,0,4,1,1,-13383,-489.0,1,0,1,0,4,0
5062294,1,1,1,0,225000,3,1,1,1,-17795,-2450.0,1,0,0,1,2,0
5091222,1,0,1,3,135000,3,4,1,1,-14838,-1539.0,1,0,0,0,5,0
5089887,1,0,1,0,157500,3,1,1,1,-10662,-1556.0,1,0,0,0,2,0
5090790,1,1,1,0,238500,3,1,1,1,-15203,-7095.0,1,0,0,0,2,0
5146429,0,1,0,0,261000,0,2,0,5,-8897,-674.0,1,0,0,0,2,0
5069292,1,1,1,1,180000,0,4,1,1,-15461,-2605.0,1,1,1,0,3,0
5054407,0,0,0,0,225000,0,1,1,5,-13021,-5082.0,1,1,0,0,2,0
5028616,0,0,1,1,135000,3,1,1,1,-9403,-1999.0,1,1,1,0,3,0
5036319,1,0,1,0,112500,0,4,3,1,-17993,-555.0,1,0,0,0,1,0
5116606,0,1,1,0,180000,3,2,1,1,-17115,-4599.0,1,0,1,0,2,0
5089218,1,1,0,1,171000,3,4,0,1,-14017,-6488.0,1,1,1,0,3,0
5068648,0,0,1,0,135000,3,4,3,5,-11344,-1054.0,1,0,0,0,1,0
5143560,0,0,0,2,202500,3,4,1,5,-10954,-745.0,1,0,0,0,4,0
5024925,1,0,0,0,33750,1,1,1,1,-19054,3682.375,1,0,0,0,2,0
5029082,1,0,1,0,135000,1,4,4,1,-22017,3682.375,1,0,1,0,1,0
5116633,1,0,1,0,135000,1,1,3,1,-22501,3682.375,1,0,0,0,1,0
5126518,0,1,0,0,157500,3,1,1,1,-20516,-2265.0,1,0,1,0,2,0
5104945,1,0,1,3,67500,0,4,1,1,-16694,-412.0,1,1,1,0,5,0
5116991,0,1,1,0,135000,3,4,1,1,-14495,-3505.0,1,0,1,0,2,0
5096340,1,1,0,0,153000,1,4,4,1,-23679,3682.375,1,0,1,0,1,0
5024670,1,0,1,1,180000,3,1,2,1,-15113,-1585.0,1,0,0,0,2,0
5062095,0,1,0,0,180000,3,4,3,1,-10171,-1812.0,1,1,1,0,1,0
5079057,0,1,0,0,121500,3,4,1,1,-14869,-6904.0,1,0,1,0,2,0
5041881,0,0,0,0,112500,3,4,0,4,-14778,-2530.0,1,0,0,0,2,0
5053117,0,1,0,1,270000,0,4,0,1,-13534,-1420.0,1,0,0,0,3,0
5115921,0,1,1,0,360000,0,4,1,1,-15344,-314.0,1,0,0,0,2,0
5150221,0,1,1,0,116100,3,4,1,1,-10136,-2441.0,1,0,0,0,2,0
5026166,0,1,1,0,225000,1,1,1,1,-24166,3682.375,1,0,0,0,2,0
5100171,0,1,1,0,450000,1,1,1,1,-17296,3682.375,1,0,0,0,2,0
5126294,0,0,0,0,225000,3,4,1,1,-21149,-7288.625,1,1,0,0,2,0
5149980,1,0,1,1,405000,2,1,1,1,-12732,-4520.0,1,0,0,0,3,0
5089580,1,1,0,0,112500,2,4,1,1,-11664,-460.0,1,1,1,0,2,0
5041320,1,0,0,0,157500,3,1,3,3,-18973,-3289.0,1,0,0,0,1,0
5105499,1,0,1,0,202500,3,1,1,1,-10669,-1495.0,1,0,0,0,2,0
5095514,0,1,1,0,297000,3,4,1,1,-20509,-1161.0,1,0,1,0,2,0
5089275,1,1,0,0,315000,3,1,1,1,-13592,-3504.0,1,0,1,1,2,0
5069066,0,0,1,0,202500,3,4,3,1,-9743,-3093.0,1,0,0,0,1,0
5125542,0,0,0,0,180000,3,1,1,5,-13484,-2417.0,1,1,1,0,2,0
5095033,0,1,1,0,202500,0,1,1,1,-15406,-1463.0,1,0,0,0,2,0
5142163,0,0,1,1,360000,3,4,0,1,-11524,-2554.0,1,0,0,0,3,0
5029529,0,1,1,0,112500,1,3,1,1,-21719,3682.375,1,0,1,0,2,0
5090493,1,0,0,0,121500,1,4,1,1,-21310,3682.375,1,0,0,0,2,0
5105291,1,0,0,0,112500,3,4,4,5,-10240,-818.0,1,1,1,0,1,0
5116005,0,1,1,1,900000,0,1,0,1,-16923,-2537.0,1,0,0,0,3,0
5115679,0,0,1,0,112500,1,4,1,1,-22442,3682.375,1,0,1,0,2,0
5061500,1,0,1,1,135000,3,2,1,1,-15948,-7288.625,1,0,0,0,3,0
5045380,0,1,1,0,261000,3,2,1,1,-15936,-1508.0,1,0,1,0,2,0
5041355,0,1,1,0,121500,1,1,1,1,-24261,3682.375,1,0,1,0,2,0
5113057,1,1,0,0,202500,0,2,2,1,-14096,-1344.0,1,0,1,1,1,0
5148981,1,1,1,0,94500,3,4,1,1,-18095,-7288.625,1,0,0,0,2,0
5010238,0,1,1,0,225000,3,4,1,1,-16507,-4331.0,1,0,0,0,2,0
5024604,1,0,1,0,630000,1,4,3,1,-21982,3682.375,1,0,1,0,1,0
5090705,1,0,0,0,202500,1,1,3,1,-23290,3682.375,1,0,0,0,1,0
5050724,1,1,0,0,360000,3,1,1,1,-12845,-2296.0,1,1,1,0,2,0
5142781,0,1,0,2,157500,3,4,2,5,-13979,-1626.0,1,0,0,0,3,0
5114643,1,1,0,0,247500,3,4,2,1,-13546,-2142.0,1,0,0,0,1,0
5087536,0,0,1,0,81000,0,1,3,1,-9874,-1928.0,1,0,1,0,1,0
5053744,1,0,1,0,360000,2,1,1,1,-16182,-3163.0,1,0,1,0,2,0
5117698,0,1,0,0,315000,3,1,1,1,-20319,-3961.0,1,1,0,0,2,0
5118560,1,0,1,0,126000,3,4,3,1,-16849,-2896.0,1,0,1,0,1,0
5054496,1,1,1,0,225000,0,1,2,1,-12102,-1185.0,1,0,0,0,1,0
5033895,1,0,0,2,135000,3,4,1,5,-11296,-1670.0,1,0,0,0,4,0
5033659,0,0,1,0,225000,0,4,1,1,-19103,-3670.0,1,0,0,0,2,0
5062205,1,0,1,0,112500,0,1,1,1,-17472,-1202.0,1,1,1,0,2,0
5056237,1,0,1,0,40500,3,4,1,1,-12729,-4936.0,1,1,0,0,2,0
5061773,1,0,1,0,157500,1,4,2,1,-21049,3682.375,1,0,0,0,1,0
5135863,1,0,1,2,67500,3,4,1,1,-12226,-596.0,1,0,0,0,4,0
5050793,1,0,0,0,315000,2,1,1,1,-21247,-6648.0,1,0,0,0,2,0
5091057,1,0,1,2,270000,0,1,1,1,-15438,-2197.0,1,0,0,1,4,0
5149368,1,0,1,0,180000,1,4,0,1,-21369,3682.375,1,0,1,0,2,0
5053156,1,0,1,0,157500,1,4,4,1,-23774,3682.375,1,0,0,0,1,0
5091651,1,1,1,1,252000,0,4,2,1,-10707,-747.0,1,0,0,0,2,0
5118545,1,1,0,0,270000,3,4,1,1,-18279,-1741.0,1,0,1,0,2,0
5024592,0,1,1,0,157500,3,4,1,5,-8893,-1615.0,1,1,0,0,2,0
5125804,1,0,1,0,270000,3,4,2,1,-18340,-2052.0,1,0,0,1,1,0
5024726,0,0,1,0,162000,1,1,1,1,-23273,3682.375,1,0,1,0,2,0
5142448,0,1,1,0,315000,3,2,1,1,-16040,-1444.0,1,0,0,0,2,0
5033728,1,1,1,1,202500,3,4,1,1,-13666,-2089.0,1,1,1,0,3,0
5149327,1,1,1,1,180000,3,1,2,1,-18838,-5981.0,1,0,0,0,2,0
5024033,1,0,1,2,112500,3,4,1,5,-14612,-397.0,1,0,0,0,4,0
5113841,1,0,1,0,135000,0,1,1,1,-8961,-923.0,1,1,0,1,2,0
5022918,1,0,1,0,225000,3,1,3,1,-12195,-2592.0,1,0,1,0,1,0
5142649,0,1,0,0,157500,3,4,0,1,-17575,-2234.0,1,0,1,0,2,0
5048276,1,1,0,1,112500,3,1,3,1,-10028,-1618.0,1,0,0,0,2,0
5022612,0,1,1,1,202500,3,4,1,1,-10144,-825.0,1,0,0,0,3,0
5028446,1,1,1,0,162000,3,4,3,1,-18071,-2822.0,1,0,0,0,1,0
5113556,0,1,1,0,450000,0,4,1,1,-18318,-923.0,1,0,1,1,2,0
5091894,0,0,0,0,157500,0,1,3,1,-10192,-1600.0,1,0,0,0,1,0
5025181,1,0,0,0,270000,0,4,3,1,-22829,-2558.0,1,0,0,0,1,0
5091795,1,1,0,1,90000,3,4,1,1,-15179,-991.0,1,0,0,0,3,0
5022343,1,0,1,0,67500,1,4,4,1,-23498,3682.375,1,0,0,0,1,0
5065704,0,1,1,0,225000,1,4,3,1,-17454,3682.375,1,0,1,0,1,0
5068511,1,0,1,0,135000,0,4,1,1,-15875,-2758.0,1,1,1,0,2,0
5053941,1,0,0,0,135000,1,4,4,1,-21100,3682.375,1,0,1,0,1,0
5036926,1,1,1,0,157500,0,4,1,1,-11907,-2988.0,1,1,1,1,2,0
5114138,1,0,0,2,180000,2,4,1,3,-11176,-2904.0,1,1,0,0,4,0
5142595,0,1,1,0,418500,3,1,1,1,-19038,-73.0,1,0,1,0,2,0
5052883,0,1,1,0,225000,3,4,1,1,-17915,-3366.0,1,0,0,0,2,0
5068019,0,1,1,0,135000,3,4,1,1,-15438,-3377.0,1,0,0,0,2,0
5146024,1,0,1,0,360000,0,1,1,1,-11089,-3902.0,1,0,1,0,2,0
5036093,1,0,1,0,135000,3,4,1,1,-21694,-3202.0,1,1,0,0,2,0
5068339,1,1,1,0,112500,3,1,1,1,-10101,-505.0,1,1,1,0,2,0
5095020,1,0,1,0,225000,0,4,0,1,-13046,-671.0,1,0,0,0,2,0
5105185,0,0,1,0,180000,3,4,1,1,-16165,-848.0,1,1,0,0,2,0
5117216,1,0,1,0,202500,3,4,0,1,-11107,-1953.0,1,0,0,0,2,0
5089632,1,0,0,0,315000,0,1,1,1,-16188,-309.0,1,1,1,1,2,0
5100464,0,1,1,1,315000,3,1,1,1,-17318,-552.0,1,0,1,0,3,0
5028930,1,1,1,0,112500,3,4,1,1,-17202,-1787.0,1,0,0,0,2,0
5036412,1,0,1,0,83250,1,4,0,1,-20219,3682.375,1,0,1,0,2,0
5116643,1,0,1,0,261000,3,4,1,1,-20047,-2559.0,1,0,0,0,2,0
5091766,0,0,1,0,247500,3,4,1,1,-17454,-2361.0,1,0,0,0,2,0
5067961,0,1,1,0,360000,3,1,1,1,-22111,-3854.0,1,0,0,0,2,0
5033814,1,0,1,0,135000,3,4,1,1,-13153,-1182.0,1,0,0,0,2,0
5113847,1,0,1,0,225000,3,4,4,1,-19890,-2384.0,1,1,0,0,1,0
5142239,1,1,1,0,270000,2,1,1,1,-16421,-7288.625,1,0,0,0,2,0
5117182,0,1,0,0,112500,1,4,1,1,-20570,3682.375,1,0,0,0,2,0
5126308,1,0,0,0,112500,3,1,3,0,-12788,-531.0,1,1,1,0,1,0
5142118,0,0,0,1,225000,3,1,1,1,-18093,-2493.0,1,0,0,0,3,0
5068196,0,1,1,0,173250,3,4,0,1,-16273,-2362.0,1,1,0,0,2,0
5068692,0,0,1,0,148500,3,4,3,1,-11819,-962.0,1,0,0,0,1,0
5085780,0,0,1,0,315000,0,4,0,1,-17995,-4034.0,1,0,0,0,2,0
5096095,1,0,0,1,135000,3,4,1,1,-10728,-1619.0,1,1,1,0,3,0
5046093,1,0,1,0,157500,1,4,4,1,-23596,3682.375,1,0,0,0,1,0
5142599,1,0,1,2,76500,2,1,1,1,-14595,-2143.0,1,0,0,0,4,0
5045742,0,1,0,0,225000,0,1,1,1,-13271,-1569.0,1,0,0,0,2,0
5053173,1,1,1,0,157500,3,4,1,1,-16712,-2393.0,1,0,0,0,2,0
5074735,0,1,1,2,216000,2,1,1,1,-11121,-2565.0,1,0,0,0,4,0
5036996,1,0,1,0,90000,1,4,2,1,-21117,3682.375,1,0,1,0,1,0
5146410,0,0,1,0,211500,3,4,3,1,-10072,-1101.0,1,1,1,0,1,0
5054097,0,1,0,2,202500,3,1,1,1,-11736,-727.0,1,0,0,0,4,0
5050975,1,0,0,1,112500,2,4,3,1,-15964,-7288.625,1,0,0,0,2,0
5068340,1,1,1,0,112500,3,1,1,1,-10101,-505.0,1,1,1,0,2,0
5037254,0,0,0,0,166500,3,4,3,1,-8401,-450.0,1,0,0,1,1,0
5091921,1,0,1,2,72000,3,4,1,1,-15368,-5496.0,1,1,1,0,4,0
5139729,1,0,1,0,135000,3,4,1,1,-20463,-2319.0,1,0,0,0,2,0
5117605,1,0,0,0,157500,3,1,1,1,-14098,-2257.0,1,0,0,0,2,0
5029152,1,0,1,1,67500,2,4,0,1,-17947,-191.0,1,0,0,0,3,0
5066465,1,1,1,0,135000,3,4,2,1,-16211,-1406.0,1,0,0,0,1,0
5117254,1,1,1,0,207000,2,1,1,1,-22398,-3506.0,1,0,0,0,2,0
5117551,0,1,0,1,148500,0,4,1,1,-12930,-2865.0,1,1,1,0,3,0
5079181,1,0,0,0,112500,0,2,1,1,-10177,-2339.0,1,0,1,0,2,0
5028802,1,0,0,2,112500,3,4,1,1,-15766,-1086.0,1,0,0,0,4,0
5024838,1,0,1,0,202500,0,1,3,1,-14143,-2072.0,1,0,0,0,1,0
5088279,1,0,0,0,67500,3,4,1,1,-20075,-7013.0,1,1,1,0,2,0
5079141,1,0,1,2,67500,3,4,2,1,-13868,-3008.0,1,1,0,0,3,0
5058286,1,0,1,0,306000,0,1,1,1,-14897,-3435.0,1,1,1,1,2,0
5010218,1,1,1,1,90000,2,4,1,1,-17532,-7288.625,1,0,0,0,3,0
5112870,0,1,1,1,360000,3,4,1,1,-20998,-2932.0,1,0,1,0,3,0
5061253,1,0,1,0,112500,3,2,0,1,-9301,-1751.0,1,0,0,0,2,0
5046191,0,1,1,2,270000,0,1,1,1,-17280,-565.0,1,1,0,0,4,0
5094884,0,0,1,0,450000,0,4,3,5,-10363,-1282.0,1,0,0,0,1,0
5146296,1,0,0,0,67500,3,4,1,1,-18029,-3902.0,1,1,0,0,2,0
5033966,1,0,1,0,180000,0,4,1,1,-15103,-3154.0,1,0,0,0,2,0
5065571,0,1,1,0,270000,0,4,1,1,-18218,-1539.0,1,0,0,0,2,0
5023475,1,1,1,0,315000,1,4,3,1,-21012,3682.375,1,0,0,0,1,0
5035866,1,0,1,0,247500,0,4,1,1,-17656,-1225.0,1,0,0,0,2,0
5088501,0,1,1,0,72000,3,1,1,1,-21897,-619.0,1,0,0,0,2,0
5028990,1,0,0,2,81000,3,3,3,1,-15373,-2333.0,1,0,0,0,3,0
5126503,1,0,0,0,171000,1,4,1,1,-20977,3682.375,1,0,1,0,2,0
5023209,1,0,0,1,135000,0,4,1,1,-14438,-235.0,1,0,0,0,3,0
5142860,1,0,0,0,135000,3,4,1,1,-14080,-1869.0,1,0,1,0,2,0
5087852,1,1,0,0,202500,2,4,1,1,-19598,-7288.625,1,0,1,0,2,0
5061896,0,0,1,1,292500,2,1,1,1,-16833,-3515.0,1,0,0,1,3,0
5044940,0,0,1,2,360000,2,1,1,1,-16027,-5639.0,1,0,1,0,4,0
5048610,1,0,1,0,315000,3,4,2,1,-15256,-3291.0,1,0,0,0,1,0
5113711,1,1,1,1,405000,2,4,1,1,-16962,-407.0,1,0,1,1,3,0
5069199,1,1,1,1,225000,0,4,1,1,-13591,-3246.0,1,0,0,0,3,0
5091101,0,0,1,0,198000,1,1,1,1,-24662,3682.375,1,0,0,0,2,0
5033496,0,1,0,1,202500,0,1,1,5,-9956,-444.0,1,0,0,0,3,0
5132752,0,0,1,0,90000,3,4,3,1,-10569,-226.0,1,1,1,0,1,0
5018471,1,0,1,1,166500,3,4,1,1,-20208,-7288.625,1,0,1,0,3,0
5096059,1,0,0,2,73350,3,4,1,1,-14321,-7068.0,1,0,0,0,4,0
5036958,0,1,1,1,135000,3,4,1,1,-12048,-1923.0,1,1,1,0,3,0
5038619,1,0,0,0,103500,1,4,1,1,-24346,3682.375,1,0,0,0,2,0
5048448,1,0,1,0,202500,1,4,1,1,-16040,3682.375,1,0,0,0,2,0
5053293,1,0,1,0,76500,1,4,1,2,-20382,3682.375,1,0,0,0,2,0
5117022,0,1,1,2,225000,3,4,1,1,-12462,-279.0,1,1,0,0,4,0
5143362,1,0,1,0,126000,3,4,1,1,-22811,-2234.0,1,1,1,0,2,0
5137163,1,0,0,0,211500,3,4,1,1,-17249,-1661.0,1,1,1,0,2,0
5054064,0,0,0,1,157500,3,4,1,1,-16424,-1458.0,1,0,0,0,3,0
5145968,1,0,1,0,112500,1,4,4,1,-23018,3682.375,1,0,0,0,1,0
5065705,0,1,1,0,225000,1,4,3,1,-17454,3682.375,1,0,1,0,1,0
5051187,0,1,0,0,135000,3,4,3,1,-12260,-896.0,1,0,0,0,1,0
5067203,0,0,0,1,405000,3,4,1,5,-12675,-1328.0,1,0,0,0,3,0
5116714,1,0,0,0,135000,0,4,2,2,-19124,-670.0,1,0,0,0,1,0
5045069,1,0,0,0,112500,3,4,1,1,-10344,-2533.0,1,0,0,0,2,0
5042130,1,0,0,0,247500,3,1,1,1,-14136,-7288.625,1,1,1,0,2,0
5066879,0,1,1,0,270000,3,4,3,1,-13805,-1557.0,1,0,0,0,1,0
5047787,1,1,1,0,225000,0,1,1,1,-10457,-979.0,1,0,0,0,2,0
5062131,0,1,1,0,90000,1,4,1,1,-22129,3682.375,1,0,0,0,2,0
5023692,1,0,1,0,135000,3,4,3,1,-15036,-3339.0,1,0,0,0,1,0
5028907,1,0,0,0,67500,3,4,1,1,-9963,-1876.0,1,0,0,0,2,0
5113861,0,0,0,0,135000,3,4,1,1,-10368,-1259.0,1,1,0,0,2,0
5009301,1,0,0,0,193500,3,4,3,2,-16099,-1866.0,1,0,1,0,1,0
5135705,1,0,0,0,135000,3,4,1,1,-11004,-1570.0,1,0,0,0,2,0
5023616,0,1,1,0,202500,0,4,1,1,-17585,-235.0,1,0,0,0,2,0
5028468,1,1,1,2,135000,3,4,1,1,-12406,-265.0,1,0,0,1,4,0
5113374,1,0,1,1,180000,1,1,1,1,-18979,3682.375,1,0,1,0,3,0
5125775,1,0,1,0,112500,3,4,1,1,-23360,-469.0,1,0,0,0,2,0
5051156,0,0,0,1,247500,3,1,3,1,-13816,-1870.0,1,0,0,0,2,0
5143046,0,1,0,2,360000,3,4,1,1,-16030,-2540.0,1,1,0,0,4,0
5114060,0,1,0,1,193500,3,1,1,1,-17932,-3999.0,1,1,1,0,3,0
5113171,1,1,1,1,67500,3,4,1,1,-11454,-1678.0,1,0,1,1,3,0
5078805,1,0,1,0,306000,3,4,1,1,-18927,-2978.0,1,0,0,0,2,0
5088205,1,0,1,0,153000,1,4,2,1,-21778,3682.375,1,0,1,0,1,0
5112975,1,0,0,3,171000,3,4,1,1,-13692,-3505.0,1,1,1,0,5,0
5022789,1,0,0,0,112500,3,4,2,1,-12369,-187.0,1,0,0,0,1,0
5028302,0,1,1,0,360000,0,2,1,1,-19834,-477.0,1,0,0,0,2,0
5146558,0,0,1,2,157500,3,4,1,1,-15031,-1436.0,1,0,0,0,4,0
5029400,1,0,0,0,112500,1,4,1,1,-19125,3682.375,1,0,0,0,2,0
5009207,1,0,0,0,292500,2,4,1,1,-20953,-7288.625,1,1,1,0,2,0
5022449,1,0,0,0,315000,3,4,2,1,-17570,-1978.0,1,0,0,1,1,0
5044818,1,0,1,0,135000,3,1,3,1,-9100,-1133.0,1,0,0,0,1,0
5089070,0,0,0,3,180000,3,4,1,1,-14243,-3535.0,1,0,0,0,5,0
5041367,1,0,0,0,180000,2,2,1,1,-10315,-2985.0,1,0,0,0,2,0
5050485,1,0,0,0,292500,0,4,0,1,-18698,-7288.625,1,0,0,0,2,0
5062296,1,0,1,0,135000,1,2,2,1,-20388,3682.375,1,0,0,0,1,0
5090039,0,0,0,1,225000,3,1,1,1,-13747,-6273.0,1,0,0,0,3,0
5069296,1,0,1,0,225000,1,4,1,1,-20989,3682.375,1,0,0,0,2,0
5058271,1,0,1,0,135000,3,4,1,1,-19607,-4288.0,1,0,0,0,2,0
5047929,0,1,0,0,292500,3,4,3,1,-13999,-1526.0,1,0,1,0,1,0
5054228,1,0,0,2,180000,3,4,1,1,-11515,-89.0,1,1,0,0,4,0
5023527,1,0,1,0,274500,0,4,1,1,-20459,-6930.0,1,0,0,0,2,0
5088433,1,0,1,0,225000,3,4,3,1,-17840,-1807.0,1,0,0,0,1,0
5009567,0,1,0,0,180000,3,4,1,1,-15153,-3143.0,1,1,1,0,2,0
5148915,0,1,0,2,225000,0,4,1,1,-14636,-3850.0,1,0,0,0,4,0
5053646,0,0,0,0,360000,0,1,1,1,-20354,-1823.0,1,0,1,0,2,0
5035546,1,0,1,0,126000,1,4,4,1,-24387,3682.375,1,0,0,0,1,0
5118472,0,0,0,0,180000,3,4,1,1,-9978,-1649.0,1,0,1,0,2,0
5111178,1,0,1,2,54000,3,1,1,1,-11268,-4560.0,1,1,0,0,4,0
5065808,1,0,0,1,76500,3,1,1,1,-15915,-785.0,1,1,1,0,3,0
5091771,0,0,1,0,247500,3,4,1,1,-17454,-2361.0,1,0,0,0,2,0
5010010,1,0,1,1,112500,2,2,0,1,-10926,-3570.0,1,0,1,0,3,0
5148573,1,0,1,0,81000,1,4,1,1,-20848,3682.375,1,0,0,0,2,0
5096729,0,1,0,0,135000,0,4,1,1,-10910,-2349.0,1,1,0,0,2,0
5092021,1,0,1,0,135000,3,4,1,1,-13211,-777.0,1,1,1,0,2,0
5046083,1,1,1,0,99000,3,4,1,1,-21030,-2299.0,1,0,0,0,2,0
5096085,1,0,0,0,67500,3,4,1,2,-18165,-7288.625,1,0,0,0,2,0
5092147,0,1,1,0,166500,3,4,3,1,-10386,-412.0,1,1,0,0,1,0
5142953,0,0,0,1,202500,3,4,2,1,-8274,-742.0,1,1,1,0,2,0
5061135,1,0,1,2,58500,3,1,1,1,-14228,-5950.0,1,0,0,0,4,0
5010172,1,0,1,0,135000,0,4,1,1,-21300,-464.0,1,0,0,0,2,0
5068523,1,0,1,0,135000,3,4,3,1,-12360,-385.0,1,0,0,1,1,0
5087756,1,0,0,0,180000,3,4,1,1,-15280,-2475.0,1,0,0,0,2,0
5132845,1,0,1,0,112500,2,4,1,1,-17493,-3694.0,1,0,0,1,2,0
5116046,1,1,1,0,144000,3,4,1,1,-13455,-2051.0,1,0,0,0,2,0
5091983,0,0,1,0,112500,0,1,1,1,-21601,-808.0,1,1,0,1,2,0
5062106,0,1,1,0,135000,0,4,1,1,-19008,-3607.0,1,0,0,0,2,0
5052806,1,0,1,0,81000,3,4,3,1,-19210,-2454.0,1,0,1,0,1,0
5095952,1,0,0,2,193500,3,1,1,5,-15011,-7288.625,1,1,1,0,4,0
5022458,0,1,1,1,144000,3,4,1,1,-8696,-1070.0,1,0,0,1,3,0
5149647,1,0,1,0,292500,1,4,3,1,-22576,3682.375,1,0,0,0,1,0
5114438,1,0,1,1,157500,3,4,1,1,-17262,-1107.0,1,1,1,0,3,0
5112737,0,1,1,0,315000,3,1,1,1,-18335,-2796.0,1,0,0,0,2,0
5024038,1,0,0,0,135000,3,4,1,1,-15459,-642.0,1,0,0,0,2,0
5139846,0,1,1,0,202500,0,4,1,4,-10482,-2654.0,1,0,0,0,2,0
5140019,1,1,1,1,180000,0,4,3,1,-11348,-1436.0,1,0,0,0,2,0
5104868,1,0,1,0,112500,3,1,1,1,-12114,-4004.0,1,0,0,0,2,0
5062525,1,0,1,1,112500,3,1,1,1,-13656,-2207.0,1,0,1,0,3,0
5118118,0,0,0,1,270000,0,4,1,1,-13538,-5422.0,1,1,1,0,3,0
5044669,1,0,1,0,76500,1,4,1,1,-16040,3682.375,1,0,0,0,2,0
5054384,0,1,0,0,292500,0,1,3,1,-14050,-3680.0,1,1,1,0,1,0
5085768,0,1,1,1,405000,2,1,1,1,-11532,-4917.0,1,0,0,0,3,0
5097105,1,0,1,0,193500,3,4,1,1,-21026,-7288.625,1,0,1,0,2,0
5023706,1,0,1,0,180000,3,4,1,1,-17733,-5622.0,1,0,1,0,2,0
5046183,1,0,1,2,115200,0,4,1,1,-14876,-716.0,1,0,0,0,4,0
5142930,1,1,0,0,56250,1,4,1,1,-21342,3682.375,1,0,0,0,2,0
5145920,0,1,1,1,180000,0,1,1,1,-15131,-1466.0,1,0,0,1,3,0
5069028,1,0,1,0,157500,0,4,1,1,-16605,-1359.0,1,0,0,1,2,0
5010498,0,1,1,1,202500,3,4,1,1,-10218,-313.0,1,1,0,0,3,0
5091564,1,1,1,1,135000,3,4,1,1,-14935,-1753.0,1,0,1,0,3,0
5149887,1,0,1,0,202500,0,4,1,1,-15941,-5830.0,1,0,0,0,2,0
5052952,1,0,1,0,157500,1,4,4,1,-24340,3682.375,1,0,1,0,1,0
5116801,0,0,1,1,225000,3,4,1,1,-16286,-1677.0,1,0,0,0,3,0
5089556,1,1,0,0,166500,3,2,3,1,-11406,-3078.0,1,1,0,0,1,0
5091639,0,1,1,0,202500,3,4,3,1,-18093,-3061.0,1,0,0,0,1,0
5116817,0,0,1,0,85500,2,4,2,0,-16542,-7288.625,1,1,1,0,1,0
5036936,1,0,1,0,157500,1,4,2,1,-22362,3682.375,1,0,0,0,1,0
5022930,1,0,1,0,270000,3,1,1,1,-9154,-187.0,1,0,0,1,2,0
5148732,1,0,1,1,157500,3,4,2,2,-13355,-625.0,1,0,0,0,2,0
5023877,1,0,1,0,360000,1,1,1,1,-22985,3682.375,1,0,1,0,2,0
5061139,1,1,1,0,90000,1,4,1,1,-21454,3682.375,1,0,0,0,2,0
5010435,1,0,1,0,90000,1,4,1,1,-21518,3682.375,1,0,0,0,2,0
5090310,0,1,1,0,135000,1,4,1,1,-24580,3682.375,1,0,0,0,2,0
5026539,1,0,1,0,112500,3,4,3,1,-15839,-1381.0,1,0,1,0,1,0
5048478,0,1,0,0,225000,3,4,3,1,-9187,-308.0,1,0,0,0,1,0
5052762,0,1,1,0,225000,0,1,3,1,-11728,-932.0,1,0,0,1,1,0
5067767,1,0,1,0,202500,2,4,3,1,-23341,-5437.0,1,0,0,0,1,0
5056179,1,0,1,0,202500,0,1,1,1,-9663,-218.0,1,0,0,0,2,0
5045537,0,1,0,2,225000,2,1,1,5,-10937,-1539.0,1,0,0,0,4,0
5053980,1,1,0,0,108000,3,4,1,5,-12249,-3195.0,1,1,0,0,2,0
5092349,1,0,1,0,225000,3,4,4,1,-19252,-2057.0,1,0,0,0,1,0
5090383,1,1,1,0,180000,0,4,1,1,-15421,-1198.0,1,0,1,0,2,0
5088687,0,0,1,1,135000,3,4,1,1,-18719,-1473.0,1,1,1,0,3,0
5105466,1,0,1,0,112500,1,4,1,1,-21074,3682.375,1,0,0,0,2,0
5089117,1,1,0,0,90000,3,1,3,1,-15969,-5483.0,1,1,1,0,1,0
5117497,0,0,1,0,90000,0,4,0,1,-16459,-704.0,1,1,0,0,2,0
5112599,1,0,1,0,103500,3,4,1,1,-22466,-7288.625,1,1,1,0,2,0
5126121,1,1,0,0,72000,3,4,1,1,-15185,-227.0,1,1,1,0,2,0
5125710,1,1,1,0,135000,3,3,1,1,-16413,-622.0,1,0,1,0,2,0
5148972,0,1,1,0,495000,3,4,3,4,-14358,-5373.0,1,0,0,0,1,0
5117233,0,0,1,0,135000,3,4,1,1,-13826,-7128.0,1,0,0,0,2,0
5142733,0,0,0,1,360000,3,1,1,1,-11112,-469.0,1,1,1,0,3,0
5089736,1,1,0,0,135000,3,4,1,1,-19010,-6761.0,1,1,1,0,2,0
5021214,0,1,1,1,225000,2,1,1,1,-12763,-2255.0,1,0,1,0,3,0
5044809,1,0,1,0,135000,3,1,3,1,-9100,-1133.0,1,0,0,0,1,0
5037088,1,0,1,0,81000,1,4,1,1,-21490,3682.375,1,0,0,0,2,0
5068712,1,1,1,0,90000,3,4,1,1,-13483,-5345.0,1,0,0,0,2,0
5142153,0,1,1,0,450000,3,4,3,1,-15960,-3574.0,1,0,0,0,1,0
5146045,1,0,1,0,360000,0,4,3,1,-18577,-2441.0,1,0,0,0,1,0
5142529,0,0,1,0,225000,2,1,1,1,-9006,-164.0,1,0,0,0,2,0
5091630,1,0,1,0,202500,3,4,1,1,-19431,-6226.0,1,0,0,0,2,0
5023089,1,0,0,0,202500,3,4,2,1,-16868,-4161.0,1,0,0,0,1,0
5142698,1,1,0,0,95850,0,4,1,1,-18931,-6678.0,1,1,0,0,2,0
5105550,1,0,1,0,112500,3,1,1,5,-9310,-825.0,1,0,0,0,2,0
5149799,1,0,1,0,126000,0,4,0,2,-10418,-2024.0,1,1,1,0,2,0
5036219,1,0,1,0,99000,3,4,1,1,-15590,-890.0,1,0,0,0,2,0
5061246,1,0,1,0,112500,3,2,0,1,-9301,-1751.0,1,0,0,0,2,0
5135851,1,0,1,1,180000,0,4,1,1,-16234,-6075.0,1,0,1,0,3,0
5009663,0,0,0,0,225000,3,1,3,1,-10166,-1774.0,1,1,0,0,1,0
5146002,0,1,1,0,225000,3,4,3,1,-10177,-189.0,1,0,0,1,1,0
5125203,1,0,1,0,202500,3,2,3,1,-18596,-7288.0,1,0,0,0,1,0
5148525,1,0,1,0,180000,1,4,1,1,-23365,3682.375,1,0,0,0,2,0
5148748,1,1,1,1,135000,0,2,0,1,-11469,-686.0,1,0,1,0,3,0
5024582,1,1,1,2,315000,2,4,1,1,-12348,-1220.0,1,0,0,0,4,0
5105878,1,0,0,1,387000,0,1,1,1,-15220,-727.0,1,0,0,0,3,0
5010874,1,0,1,0,45000,1,4,1,1,-20688,3682.375,1,0,1,0,2,0
5099948,1,1,0,0,185400,0,4,1,1,-14747,-3229.0,1,0,0,0,2,0
5096415,1,0,0,0,76500,3,4,1,1,-16876,-97.0,1,1,0,0,2,0
5096609,1,1,0,1,225000,3,1,0,1,-13528,-980.0,1,1,1,0,3,0
5148669,0,1,1,1,810000,0,2,0,3,-17922,-3455.0,1,0,0,0,3,0
5090027,1,0,1,0,126000,3,1,1,1,-10075,-460.0,1,0,1,1,2,0
5132329,1,0,0,0,135000,1,4,1,1,-22752,3682.375,1,0,0,0,2,0
5125277,1,0,1,1,90000,3,4,1,1,-16280,-3694.0,1,0,0,1,3,0
5067006,0,0,1,1,157500,3,4,0,1,-20315,-5454.0,1,0,0,0,3,0
5022063,1,0,1,0,180000,1,1,1,1,-20135,3682.375,1,0,1,0,2,0
5126108,1,0,1,0,112500,2,4,3,1,-20577,-7288.625,1,1,0,0,1,0
5038723,0,1,1,1,270000,1,4,1,1,-15493,3682.375,1,0,0,0,3,0
5054079,1,0,0,0,135000,3,4,1,1,-17143,-5507.0,1,0,1,0,2,0
5096483,1,0,0,0,103500,3,1,1,1,-15989,-6640.0,1,1,1,0,2,0
5025951,1,0,1,0,130500,3,4,1,1,-13520,-5488.0,1,0,0,0,2,0
5010995,1,0,1,0,90000,3,4,1,1,-20074,-221.0,1,0,0,0,2,0
5117622,0,1,0,2,112500,3,1,1,1,-14659,-127.0,1,0,0,0,4,0
5091826,1,0,1,0,157500,1,4,1,1,-23627,3682.375,1,0,0,0,2,0
5065723,1,0,1,1,202500,2,4,0,1,-15975,-7288.625,1,0,0,0,3,0
5044594,0,0,1,0,67500,1,4,2,1,-22351,3682.375,1,0,1,0,1,0
5125425,1,1,1,1,189000,3,3,1,1,-16344,-864.0,1,0,0,1,3,0
5135474,1,0,1,0,180000,3,4,1,1,-19881,-7288.625,1,0,0,0,2,0
5085865,1,0,1,0,135000,3,4,1,1,-18199,-5190.0,1,0,0,0,2,0
5113180,0,1,1,0,135000,0,1,0,1,-17538,-613.0,1,0,0,0,2,0
5069466,1,1,1,0,166500,3,4,1,1,-12192,-3123.0,1,0,0,0,2,0
5025089,1,0,1,0,90000,1,4,1,1,-22034,3682.375,1,0,0,0,2,0
5009269,0,1,0,0,337500,2,1,1,5,-10266,-1652.0,1,1,1,0,2,0
5010226,1,1,1,1,90000,2,4,1,1,-17532,-7288.625,1,0,0,0,3,0
5021790,1,1,1,2,157500,3,4,1,1,-15021,-6879.0,1,0,0,0,4,0
5143374,1,0,0,0,112500,1,4,1,1,-24001,3682.375,1,0,0,0,2,0
5036474,0,1,0,2,180000,0,1,1,1,-15716,-2673.0,1,0,0,0,4,0
5037202,1,1,1,1,112500,3,1,1,1,-9032,-420.0,1,0,0,0,3,0
5092020,1,0,1,0,135000,3,4,1,1,-13211,-777.0,1,1,1,0,2,0
5142849,1,0,0,0,135000,3,4,1,1,-14080,-1869.0,1,0,1,0,2,0
5069141,1,0,0,0,135000,0,1,1,5,-15360,-413.0,1,0,0,1,2,0
5035431,0,1,1,0,166500,3,4,3,1,-14138,-1072.0,1,0,0,0,1,0
5090464,1,0,0,0,126000,0,4,1,1,-16708,-5760.0,1,1,0,0,2,0
5149296,1,1,1,0,247500,0,1,1,1,-14462,-1871.0,1,0,1,1,2,0
5023914,1,0,1,2,184500,3,4,1,1,-9912,-1707.0,1,1,1,0,4,0
5079004,1,0,1,0,165600,1,4,4,1,-21383,3682.375,1,0,1,0,1,0
5112736,0,1,1,0,315000,3,1,1,1,-18335,-2796.0,1,0,0,0,2,0
5023147,1,0,0,0,112500,1,4,3,1,-21135,3682.375,1,0,0,0,1,0
5050619,0,1,0,0,112500,3,4,0,1,-10004,-1962.0,1,0,1,0,2,0
5052606,0,0,1,0,202500,0,4,3,4,-18785,-1598.0,1,0,0,0,1,0
5036870,1,0,1,0,72000,1,4,1,1,-21821,3682.375,1,0,0,0,2,0
5021551,1,0,1,0,202500,0,4,1,1,-20870,-1583.0,1,0,0,0,2,0
5067242,1,1,1,0,391500,3,4,1,1,-16995,-7264.0,1,0,0,0,2,0
5068807,0,1,1,1,112500,3,1,1,1,-11809,-536.0,1,0,0,1,3,0
5024666,1,0,1,0,157500,3,4,1,1,-14425,-4568.0,1,1,1,0,2,0
5089497,1,0,0,1,112500,3,4,4,1,-19931,-1313.0,1,0,0,0,2,0
5045623,1,0,1,1,270000,2,4,1,1,-14400,-2512.0,1,0,0,0,3,0
5091822,0,0,1,0,270000,0,4,3,1,-14638,-5891.0,1,0,0,0,1,0
5114227,0,1,0,2,247500,3,4,1,1,-18338,-5673.0,1,1,0,0,4,0
5067259,0,1,1,0,360000,1,4,1,1,-20859,3682.375,1,0,0,1,2,0
5068320,1,0,1,0,189000,1,1,2,1,-22655,3682.375,1,0,0,0,1,0
5116621,1,1,1,1,157500,2,4,1,1,-13811,-3380.0,1,0,0,0,3,0
5091925,1,1,1,0,405000,0,2,1,1,-18517,-3944.0,1,0,1,0,2,0
5041758,1,0,1,0,157500,2,1,1,1,-15145,-3654.0,1,0,1,0,2,0
5025936,1,0,1,0,130500,3,4,1,1,-13520,-5488.0,1,0,0,0,2,0
5041540,1,0,1,1,135000,1,4,0,1,-19295,3682.375,1,0,0,0,3,0
5061145,1,1,1,0,90000,1,4,1,1,-21454,3682.375,1,0,0,0,2,0
5033608,1,0,0,0,67500,0,4,0,1,-18989,-171.0,1,0,0,0,2,0
5146456,1,0,1,0,135000,0,4,1,1,-15407,-1801.0,1,0,0,0,2,0
5091369,0,1,1,0,247500,3,4,1,1,-15366,-1266.0,1,1,1,0,2,0
5142547,1,1,1,0,157500,0,1,3,1,-16040,-1138.0,1,0,0,0,1,0
5091708,1,1,1,0,135000,3,1,1,1,-12274,-3944.0,1,0,0,0,2,0
5022136,1,0,1,0,126000,1,4,1,1,-20681,3682.375,1,0,0,0,2,0
5088181,1,0,0,0,180000,3,2,4,1,-19629,-1897.0,1,1,1,0,1,0
5104981,1,0,0,0,112500,1,4,2,2,-21629,3682.375,1,0,0,0,1,0
5093248,1,0,1,0,247500,0,1,1,1,-11914,-2980.0,1,0,0,0,2,0
5145970,1,0,1,0,112500,1,4,4,1,-23018,3682.375,1,0,0,0,1,0
5112738,0,1,1,0,315000,3,1,1,1,-18335,-2796.0,1,0,0,0,2,0
5143219,1,0,1,0,67500,1,3,3,1,-22145,3682.375,1,0,0,0,1,0
5069007,0,1,1,0,337500,3,1,1,5,-10622,-1175.0,1,0,0,0,2,0
5113801,1,0,1,1,337500,3,4,1,1,-12790,-3329.0,1,0,0,1,3,0
5054625,1,0,1,0,112500,1,4,4,1,-22034,3682.375,1,0,0,0,1,0
5054733,1,0,0,1,157500,0,1,1,1,-11042,-1581.0,1,0,0,0,3,0
5050482,1,0,0,0,292500,0,4,0,1,-18698,-7288.625,1,0,0,0,2,0
5142691,0,1,0,2,135000,2,4,1,1,-14038,-6558.0,1,1,1,0,4,0
5067696,0,1,1,0,450000,3,1,1,1,-19087,-4434.0,1,0,1,0,2,0
5105577,1,0,0,0,180000,3,4,1,2,-12024,-210.0,1,1,1,0,2,0
5033714,0,0,1,1,135000,3,4,1,1,-13782,-3032.0,1,1,1,0,3,0
5062016,1,0,0,0,180000,0,4,3,1,-11342,-2389.0,1,0,0,0,1,0
5045798,1,1,0,0,202500,3,1,1,1,-9242,-139.0,1,0,0,0,2,0
5066915,0,1,1,0,180000,3,1,1,5,-11089,-1467.0,1,0,0,0,2,0
5088853,1,1,1,0,112500,3,1,1,1,-11353,-2316.0,1,0,0,1,2,0
5037169,0,1,1,0,135000,1,4,1,1,-24510,3682.375,1,0,0,0,2,0
5142752,1,0,0,0,81000,3,4,3,1,-17876,-377.0,1,1,1,0,1,0
5116056,1,0,0,0,135000,3,4,1,1,-17803,-7288.625,1,0,0,0,2,0
5143025,0,0,0,0,270000,3,4,1,5,-11768,-622.0,1,1,1,0,2,0
5091549,1,0,1,0,247500,0,4,1,1,-12309,-2788.0,1,0,1,0,2,0
5061161,0,1,1,3,202500,3,4,1,1,-13300,-3668.0,1,0,1,0,5,0
5142248,1,0,1,0,225000,2,4,1,1,-19826,-2340.0,1,0,0,0,2,0
5068262,1,0,0,2,157500,2,1,1,1,-12636,-5345.0,1,0,0,0,4,0
5090415,1,1,0,0,216000,3,4,3,1,-19765,-7288.625,1,1,1,0,1,0
5100010,0,1,0,0,202500,3,4,1,1,-16040,-918.0,1,1,1,0,2,0
5068843,1,0,1,0,135000,3,4,3,1,-22751,-4219.0,1,1,1,0,1,0
5114166,0,1,0,1,247500,3,1,1,1,-9296,-194.0,1,1,0,1,3,0
5105715,1,0,1,0,180000,3,4,1,1,-13856,-3010.0,1,0,0,0,2,0
5105842,0,1,1,0,67500,1,4,1,1,-22981,3682.375,1,0,0,0,2,0
5145964,1,0,0,2,130500,3,4,1,1,-15436,-3476.0,1,0,0,0,4,0
5089658,1,0,0,0,99000,0,4,3,1,-16378,-370.0,1,1,0,0,1,0
5068233,0,0,1,1,112500,2,4,1,1,-13885,-232.0,1,0,0,0,3,0
5113259,1,1,1,0,247500,3,4,3,5,-11770,-285.0,1,0,0,0,1,0
5052622,0,1,1,1,180000,0,4,1,1,-15988,-1994.0,1,0,1,0,3,0
5137151,1,0,0,0,225000,1,4,1,1,-20429,3682.375,1,0,1,0,2,0
5095423,0,1,1,0,405000,3,1,1,1,-11723,-1830.0,1,1,0,1,2,0
5058408,0,1,1,0,247500,3,1,1,1,-12843,-2609.0,1,0,0,0,2,0
5068324,1,0,1,0,171000,3,1,1,1,-18348,-3853.0,1,0,0,0,2,0
5022156,1,1,1,2,180000,0,1,1,1,-11719,-2866.0,1,0,1,1,4,0
5137365,0,1,0,0,337500,3,4,1,1,-14479,-1022.0,1,0,1,0,2,0
5068811,1,0,1,0,315000,0,4,1,1,-14419,-2423.0,1,0,0,0,2,0
5068238,1,0,1,0,247500,3,4,1,1,-11268,-2545.0,1,1,1,0,2,0
5046495,1,0,1,0,180000,1,4,1,1,-21554,3682.375,1,0,0,0,2,0
5023491,0,1,1,0,83250,3,4,1,1,-20592,-6230.0,1,1,1,1,2,0
5125510,0,0,1,1,202500,0,4,1,1,-14952,-104.0,1,0,1,0,3,0
5113401,0,1,1,0,450000,0,1,3,1,-10837,-588.0,1,0,0,1,1,0
5010202,0,1,1,0,135000,3,3,1,5,-9981,-1866.0,1,0,0,1,2,0
5143175,0,1,0,0,225000,0,4,3,1,-17473,-2631.0,1,0,0,0,1,0
5041739,0,0,1,1,157500,3,4,1,1,-12585,-367.0,1,0,0,0,3,0
5048217,0,1,1,1,270000,0,4,1,1,-12250,-857.0,1,0,0,0,3,0
5091382,1,1,1,2,216000,3,1,1,1,-12757,-4887.0,1,0,0,0,4,0
5143314,0,0,1,0,114750,1,4,2,1,-21268,3682.375,1,0,0,0,1,0
5009918,1,0,1,2,99000,0,1,1,1,-12752,-433.0,1,0,1,0,4,0
5024238,1,0,1,0,47250,1,4,1,2,-21414,3682.375,1,0,1,0,2,0
5114427,1,0,0,0,49500,1,4,1,1,-23753,3682.375,1,0,0,0,2,0
5091406,1,0,1,0,135000,3,4,3,1,-17579,-1904.0,1,1,0,0,1,0
5023816,1,1,1,1,225000,0,1,1,1,-17002,-803.0,1,1,1,0,3,0
5126562,1,0,0,0,450000,3,1,1,1,-11082,-3361.0,1,0,0,0,2,0
5054775,0,0,1,0,225000,3,4,1,1,-21362,-1520.0,1,0,0,0,2,0
5091171,0,0,1,0,90000,1,4,1,1,-23969,3682.375,1,0,0,0,2,0
5062011,1,0,0,0,180000,0,4,3,1,-11342,-2389.0,1,0,0,0,1,0
5062407,1,0,1,0,103500,1,4,4,1,-24094,3682.375,1,0,1,0,1,0
5094926,1,1,1,0,135000,0,4,1,1,-12175,-1463.0,1,1,0,0,2,0
5067312,1,1,1,0,225000,1,4,1,1,-22920,3682.375,1,0,0,0,2,0
5125462,0,0,1,1,112500,3,4,1,1,-18394,-5155.0,1,0,0,0,3,0
5114240,1,0,0,0,270000,3,4,1,1,-16723,-712.0,1,1,0,0,2,0
5068367,1,1,1,1,270000,3,4,1,1,-14084,-3246.0,1,0,0,0,3,0
5051120,0,0,0,0,202500,2,1,1,1,-12725,-5006.0,1,0,0,0,2,0
5114348,0,1,0,0,180000,0,4,1,2,-9810,-2993.0,1,1,0,0,2,0
5067506,0,0,1,0,180000,3,3,0,1,-13024,-2191.0,1,0,0,0,2,0
5118441,1,1,0,1,108000,0,1,1,1,-16138,-431.0,1,1,0,0,3,0
5054343,1,1,0,0,225000,3,4,1,1,-20641,-1064.0,1,0,1,0,2,0
5009000,0,1,1,0,157500,3,4,1,1,-9927,-828.0,1,0,0,0,2,0
5090302,1,0,1,0,405000,0,4,1,1,-17427,-4874.0,1,0,0,1,2,0
5067299,0,0,1,0,225000,0,4,3,1,-9149,-1217.0,1,0,0,1,1,0
5010344,1,0,0,0,216000,1,4,1,1,-22867,3682.375,1,0,0,0,2,0
5011032,1,0,1,1,135000,3,0,0,1,-17489,-7288.625,1,0,1,0,3,0
5038582,1,0,1,0,112500,1,4,1,1,-24327,3682.375,1,0,0,0,2,0
5067729,1,0,1,1,135000,0,2,1,1,-10288,-2616.0,1,1,1,0,3,0
5067638,1,0,1,0,157500,1,4,3,1,-22922,3682.375,1,0,1,0,1,0
5010795,1,0,0,0,45000,2,4,1,1,-13941,-5334.0,1,1,1,0,2,0
5116594,0,1,0,0,157500,3,1,1,1,-15602,-611.0,1,0,0,0,2,0
5068310,0,0,1,1,198000,0,2,3,1,-9649,-140.0,1,0,0,0,2,0
5087880,1,0,0,0,234000,2,1,0,1,-21967,-5215.0,1,0,0,1,2,0
5125172,1,1,1,0,157500,3,4,1,1,-15023,-438.0,1,0,0,0,2,0
5117190,1,0,1,3,207000,0,4,4,1,-15267,-461.0,1,1,1,0,4,0
5009798,1,0,0,0,198000,1,4,4,1,-22002,3682.375,1,0,1,0,1,0
5024077,1,1,1,0,157500,1,4,4,1,-20432,3682.375,1,0,0,0,1,0
5118580,1,1,1,0,180000,3,4,1,1,-13052,-1741.0,1,0,0,0,2,0
5053535,1,0,1,0,216000,1,1,3,1,-20388,3682.375,1,0,0,0,1,0
5045070,1,0,0,0,112500,3,4,1,1,-10344,-2533.0,1,0,0,0,2,0
5062334,1,0,0,0,94500,3,1,1,1,-9071,-958.0,1,0,0,0,2,0
5051097,1,0,0,0,69750,1,4,4,2,-21986,3682.375,1,0,1,0,1,0
5021968,1,0,0,1,103500,3,4,1,1,-11720,-1191.0,1,0,0,0,3,0
5028858,0,1,1,1,157500,3,4,1,1,-13867,-3095.0,1,0,0,0,3,0
5067182,1,0,1,0,112500,3,1,1,1,-11432,-820.0,1,1,0,0,2,0
5112652,1,0,0,0,67500,3,4,1,5,-16182,-2827.0,1,1,1,0,2,0
5115523,1,0,1,3,112500,3,4,1,1,-13020,-3693.0,1,0,0,0,5,0
5105069,0,0,1,0,157500,3,2,1,1,-13682,-453.0,1,1,1,0,2,0
5079127,0,0,1,0,270000,3,1,1,1,-11944,-2262.0,1,0,0,0,2,0
5088689,0,0,1,1,135000,3,4,1,1,-18719,-1473.0,1,1,1,0,3,0
5132784,0,1,1,0,112500,3,4,3,1,-8854,-195.0,1,1,0,0,1,0
5048458,1,1,1,1,126000,3,1,1,1,-9441,-157.0,1,0,0,0,3,0
5023719,1,1,1,0,175500,1,1,1,1,-22077,3682.375,1,0,1,0,2,0
5065477,0,0,0,1,148500,3,4,1,1,-13574,-109.0,1,0,0,0,3,0
5024096,1,1,0,0,126000,2,2,3,1,-11978,-5206.0,1,1,0,0,1,0
5033520,1,1,1,3,180000,3,4,1,2,-12559,-5862.0,1,0,1,0,5,0
5028612,0,1,1,0,225000,0,1,3,5,-10681,-2152.0,1,0,1,0,1,0
5089954,0,0,1,1,126000,0,4,0,1,-12755,-2105.0,1,0,0,0,3,0
5048642,1,0,0,0,157500,1,4,2,1,-24048,3682.375,1,0,0,0,1,0
5125261,0,0,1,0,157500,0,1,1,1,-15423,-1200.0,1,1,1,0,2,0
5100133,0,1,1,2,270000,0,1,1,1,-13955,-1891.0,1,0,0,0,4,0
5096856,0,1,1,0,180000,0,4,1,1,-17975,-3476.0,1,0,0,0,2,0
5089719,1,0,0,0,144000,3,4,1,1,-19984,-4662.0,1,0,1,0,2,0
5033447,1,1,0,0,112500,0,1,1,1,-10828,-657.0,1,0,0,0,2,0
5090942,0,0,0,0,225000,0,4,1,1,-13336,-1436.0,1,0,0,0,2,0
5125816,1,1,0,0,450000,1,1,1,1,-19783,-5521.0,1,1,1,0,2,0
5149946,1,0,1,0,180000,3,1,1,1,-22228,-686.0,1,1,1,0,2,0
5024049,1,1,1,1,144000,3,1,1,1,-12903,-2924.0,1,0,0,0,3,0
5117065,1,0,1,2,225000,3,1,1,1,-16040,-1648.0,1,1,1,0,4,0
5118268,0,1,0,1,360000,2,4,1,1,-11294,-3536.0,1,0,1,0,3,0
5028645,1,0,1,0,166500,0,1,1,1,-11957,-2182.0,1,0,0,0,2,0
5023655,1,0,0,0,225000,0,2,3,1,-10229,-1209.0,1,0,0,0,1,0
5115992,0,1,1,2,180000,3,1,1,1,-13174,-2477.0,1,0,0,0,4,0
5118219,0,1,0,0,270000,3,4,0,1,-15292,-645.0,1,1,1,0,2,0
5053790,1,1,1,0,225000,3,1,1,1,-16601,-2859.0,1,0,0,0,2,0
